PRAGMA foreign_keys=OFF;
BEGIN TRANSACTION;
CREATE TABLE IF NOT EXISTS "django_migrations" ("id" integer NOT NULL PRIMARY KEY AUTOINCREMENT, "app" varchar(255) NOT NULL, "name" varchar(255) NOT NULL, "applied" datetime NOT NULL);
INSERT INTO django_migrations VALUES(1,'contenttypes','0001_initial','2024-07-07 14:24:27.243632');
INSERT INTO django_migrations VALUES(2,'auth','0001_initial','2024-07-07 14:24:27.266283');
INSERT INTO django_migrations VALUES(3,'admin','0001_initial','2024-07-07 14:24:27.278821');
INSERT INTO django_migrations VALUES(4,'admin','0002_logentry_remove_auto_add','2024-07-07 14:24:27.295427');
INSERT INTO django_migrations VALUES(5,'admin','0003_logentry_add_action_flag_choices','2024-07-07 14:24:27.306217');
INSERT INTO django_migrations VALUES(6,'contenttypes','0002_remove_content_type_name','2024-07-07 14:24:27.335768');
INSERT INTO django_migrations VALUES(7,'auth','0002_alter_permission_name_max_length','2024-07-07 14:24:27.354587');
INSERT INTO django_migrations VALUES(8,'auth','0003_alter_user_email_max_length','2024-07-07 14:24:27.367200');
INSERT INTO django_migrations VALUES(9,'auth','0004_alter_user_username_opts','2024-07-07 14:24:27.378258');
INSERT INTO django_migrations VALUES(10,'auth','0005_alter_user_last_login_null','2024-07-07 14:24:27.393375');
INSERT INTO django_migrations VALUES(11,'auth','0006_require_contenttypes_0002','2024-07-07 14:24:27.396002');
INSERT INTO django_migrations VALUES(12,'auth','0007_alter_validators_add_error_messages','2024-07-07 14:24:27.405645');
INSERT INTO django_migrations VALUES(13,'auth','0008_alter_user_username_max_length','2024-07-07 14:24:27.419797');
INSERT INTO django_migrations VALUES(14,'auth','0009_alter_user_last_name_max_length','2024-07-07 14:24:27.434178');
INSERT INTO django_migrations VALUES(15,'auth','0010_alter_group_name_max_length','2024-07-07 14:24:27.450083');
INSERT INTO django_migrations VALUES(16,'auth','0011_update_proxy_permissions','2024-07-07 14:24:27.464919');
INSERT INTO django_migrations VALUES(17,'auth','0012_alter_user_first_name_max_length','2024-07-07 14:24:27.478727');
INSERT INTO django_migrations VALUES(18,'sessions','0001_initial','2024-07-07 14:24:27.486915');
INSERT INTO django_migrations VALUES(19,'users','0001_initial','2024-07-07 14:24:27.493379');
INSERT INTO django_migrations VALUES(20,'users','0002_botuser_user_id','2024-07-07 14:24:27.502038');
INSERT INTO django_migrations VALUES(21,'users','0003_alter_botuser_user_id','2024-07-07 14:24:27.511624');
INSERT INTO django_migrations VALUES(22,'users','0004_alter_botuser_course','2024-07-07 14:25:31.222634');
INSERT INTO django_migrations VALUES(23,'users','0005_rename_snils_botuser_auth_number_and_more','2024-07-07 16:53:29.647265');
INSERT INTO django_migrations VALUES(24,'tg_messages','0001_initial','2024-07-07 16:58:54.381158');
INSERT INTO django_migrations VALUES(25,'tg_messages','0002_remove_curriculumsmessage_image_curriculumsbuttons','2024-07-07 17:27:36.664134');
INSERT INTO django_migrations VALUES(26,'tg_messages','0003_subcurriculumsbuttons_alter_unknownmessage_options_and_more','2024-07-09 08:18:20.035437');
INSERT INTO django_migrations VALUES(27,'tg_messages','0004_alter_subcurriculumsbuttons_link_and_more','2024-07-09 08:31:08.219351');
INSERT INTO django_migrations VALUES(28,'tg_messages','0005_alter_subsubcurriculumsbuttons_options_and_more','2024-07-10 12:06:46.319824');
INSERT INTO django_migrations VALUES(29,'polls','0001_initial','2024-07-10 12:13:17.662579');
INSERT INTO django_migrations VALUES(30,'polls','0002_pollsimage_author_creator_pollsimage_copyright_and_more','2024-07-10 12:20:31.592241');
INSERT INTO django_migrations VALUES(31,'online_elder','0001_initial','2024-07-23 12:10:15.803367');
INSERT INTO django_migrations VALUES(32,'online_elder','0002_subsubeldermessagebuttons','2024-08-09 07:41:49.342383');
INSERT INTO django_migrations VALUES(33,'polls','0003_alter_pollsimage_state','2024-08-09 07:41:49.353593');
CREATE TABLE IF NOT EXISTS "auth_group_permissions" ("id" integer NOT NULL PRIMARY KEY AUTOINCREMENT, "group_id" integer NOT NULL REFERENCES "auth_group" ("id") DEFERRABLE INITIALLY DEFERRED, "permission_id" integer NOT NULL REFERENCES "auth_permission" ("id") DEFERRABLE INITIALLY DEFERRED);
CREATE TABLE IF NOT EXISTS "auth_user_groups" ("id" integer NOT NULL PRIMARY KEY AUTOINCREMENT, "user_id" integer NOT NULL REFERENCES "auth_user" ("id") DEFERRABLE INITIALLY DEFERRED, "group_id" integer NOT NULL REFERENCES "auth_group" ("id") DEFERRABLE INITIALLY DEFERRED);
CREATE TABLE IF NOT EXISTS "auth_user_user_permissions" ("id" integer NOT NULL PRIMARY KEY AUTOINCREMENT, "user_id" integer NOT NULL REFERENCES "auth_user" ("id") DEFERRABLE INITIALLY DEFERRED, "permission_id" integer NOT NULL REFERENCES "auth_permission" ("id") DEFERRABLE INITIALLY DEFERRED);
INSERT INTO auth_user_user_permissions VALUES(1,2,1);
INSERT INTO auth_user_user_permissions VALUES(2,2,2);
INSERT INTO auth_user_user_permissions VALUES(3,2,3);
INSERT INTO auth_user_user_permissions VALUES(4,2,4);
INSERT INTO auth_user_user_permissions VALUES(5,2,5);
INSERT INTO auth_user_user_permissions VALUES(6,2,6);
INSERT INTO auth_user_user_permissions VALUES(7,2,7);
INSERT INTO auth_user_user_permissions VALUES(8,2,8);
INSERT INTO auth_user_user_permissions VALUES(9,2,9);
INSERT INTO auth_user_user_permissions VALUES(10,2,10);
INSERT INTO auth_user_user_permissions VALUES(11,2,11);
INSERT INTO auth_user_user_permissions VALUES(12,2,12);
INSERT INTO auth_user_user_permissions VALUES(13,2,13);
INSERT INTO auth_user_user_permissions VALUES(14,2,14);
INSERT INTO auth_user_user_permissions VALUES(15,2,15);
INSERT INTO auth_user_user_permissions VALUES(16,2,16);
INSERT INTO auth_user_user_permissions VALUES(17,2,17);
INSERT INTO auth_user_user_permissions VALUES(18,2,18);
INSERT INTO auth_user_user_permissions VALUES(19,2,19);
INSERT INTO auth_user_user_permissions VALUES(20,2,20);
INSERT INTO auth_user_user_permissions VALUES(21,2,21);
INSERT INTO auth_user_user_permissions VALUES(22,2,22);
INSERT INTO auth_user_user_permissions VALUES(23,2,23);
INSERT INTO auth_user_user_permissions VALUES(24,2,24);
INSERT INTO auth_user_user_permissions VALUES(25,2,25);
INSERT INTO auth_user_user_permissions VALUES(26,2,26);
INSERT INTO auth_user_user_permissions VALUES(27,2,27);
INSERT INTO auth_user_user_permissions VALUES(28,2,28);
INSERT INTO auth_user_user_permissions VALUES(29,2,29);
INSERT INTO auth_user_user_permissions VALUES(30,2,30);
INSERT INTO auth_user_user_permissions VALUES(31,2,31);
INSERT INTO auth_user_user_permissions VALUES(32,2,32);
INSERT INTO auth_user_user_permissions VALUES(33,2,33);
INSERT INTO auth_user_user_permissions VALUES(34,2,34);
INSERT INTO auth_user_user_permissions VALUES(35,2,35);
INSERT INTO auth_user_user_permissions VALUES(36,2,36);
INSERT INTO auth_user_user_permissions VALUES(37,2,37);
INSERT INTO auth_user_user_permissions VALUES(38,2,38);
INSERT INTO auth_user_user_permissions VALUES(39,2,39);
INSERT INTO auth_user_user_permissions VALUES(40,2,40);
INSERT INTO auth_user_user_permissions VALUES(41,2,41);
INSERT INTO auth_user_user_permissions VALUES(42,2,42);
INSERT INTO auth_user_user_permissions VALUES(43,2,43);
INSERT INTO auth_user_user_permissions VALUES(44,2,44);
INSERT INTO auth_user_user_permissions VALUES(45,2,45);
INSERT INTO auth_user_user_permissions VALUES(46,2,46);
INSERT INTO auth_user_user_permissions VALUES(47,2,47);
INSERT INTO auth_user_user_permissions VALUES(48,2,48);
INSERT INTO auth_user_user_permissions VALUES(49,2,49);
INSERT INTO auth_user_user_permissions VALUES(50,2,50);
INSERT INTO auth_user_user_permissions VALUES(51,2,51);
INSERT INTO auth_user_user_permissions VALUES(52,2,52);
INSERT INTO auth_user_user_permissions VALUES(53,2,53);
INSERT INTO auth_user_user_permissions VALUES(54,2,54);
INSERT INTO auth_user_user_permissions VALUES(55,2,55);
INSERT INTO auth_user_user_permissions VALUES(56,2,56);
INSERT INTO auth_user_user_permissions VALUES(57,2,57);
INSERT INTO auth_user_user_permissions VALUES(58,2,58);
INSERT INTO auth_user_user_permissions VALUES(59,2,59);
INSERT INTO auth_user_user_permissions VALUES(60,2,60);
INSERT INTO auth_user_user_permissions VALUES(61,2,61);
INSERT INTO auth_user_user_permissions VALUES(62,2,62);
INSERT INTO auth_user_user_permissions VALUES(63,2,63);
INSERT INTO auth_user_user_permissions VALUES(64,2,64);
INSERT INTO auth_user_user_permissions VALUES(65,2,65);
INSERT INTO auth_user_user_permissions VALUES(66,2,66);
INSERT INTO auth_user_user_permissions VALUES(67,2,67);
INSERT INTO auth_user_user_permissions VALUES(68,2,68);
INSERT INTO auth_user_user_permissions VALUES(69,2,69);
INSERT INTO auth_user_user_permissions VALUES(70,2,70);
INSERT INTO auth_user_user_permissions VALUES(71,2,71);
INSERT INTO auth_user_user_permissions VALUES(72,2,72);
INSERT INTO auth_user_user_permissions VALUES(73,2,73);
INSERT INTO auth_user_user_permissions VALUES(74,2,74);
INSERT INTO auth_user_user_permissions VALUES(75,2,75);
INSERT INTO auth_user_user_permissions VALUES(76,2,76);
INSERT INTO auth_user_user_permissions VALUES(77,2,77);
INSERT INTO auth_user_user_permissions VALUES(78,2,78);
INSERT INTO auth_user_user_permissions VALUES(79,2,79);
INSERT INTO auth_user_user_permissions VALUES(80,2,80);
INSERT INTO auth_user_user_permissions VALUES(81,2,81);
INSERT INTO auth_user_user_permissions VALUES(82,2,82);
INSERT INTO auth_user_user_permissions VALUES(83,2,83);
INSERT INTO auth_user_user_permissions VALUES(84,2,84);
CREATE TABLE IF NOT EXISTS "django_admin_log" ("id" integer NOT NULL PRIMARY KEY AUTOINCREMENT, "object_id" text NULL, "object_repr" varchar(200) NOT NULL, "action_flag" smallint unsigned NOT NULL CHECK ("action_flag" >= 0), "change_message" text NOT NULL, "content_type_id" integer NULL REFERENCES "django_content_type" ("id") DEFERRABLE INITIALLY DEFERRED, "user_id" integer NOT NULL REFERENCES "auth_user" ("id") DEFERRABLE INITIALLY DEFERRED, "action_time" datetime NOT NULL);
INSERT INTO django_admin_log VALUES(1,'1','Илья Бетяев 12312312312',1,'[{"added": {}}]',13,1,'2024-07-07 16:44:22.734094');
INSERT INTO django_admin_log VALUES(2,'1','Илья Бетяев 123123123',2,'[{"changed": {"fields": ["Auth number"]}}]',13,1,'2024-07-07 16:53:46.008394');
INSERT INTO django_admin_log VALUES(3,'1','Главное сообщение',1,'[{"added": {}}]',8,1,'2024-07-07 17:00:31.144989');
INSERT INTO django_admin_log VALUES(4,'1','Главное сообщение',1,'[{"added": {}}]',7,1,'2024-07-07 17:01:40.374154');
INSERT INTO django_admin_log VALUES(5,'1','Главное сообщение',1,'[{"added": {}}]',9,1,'2024-07-07 17:02:04.069782');
INSERT INTO django_admin_log VALUES(6,'1','Главное сообщение',2,'[{"changed": {"fields": ["Image"]}}]',7,1,'2024-07-07 17:03:45.488246');
INSERT INTO django_admin_log VALUES(7,'1','Главное сообщение',2,'[]',7,1,'2024-07-07 17:04:23.400476');
INSERT INTO django_admin_log VALUES(8,'1','Главное сообщение',2,'[{"changed": {"fields": ["Message"]}}]',9,1,'2024-07-07 17:05:53.198868');
INSERT INTO django_admin_log VALUES(9,'1','Главное сообщение',2,'[{"changed": {"fields": ["Message"]}}]',8,1,'2024-07-07 17:07:20.425522');
INSERT INTO django_admin_log VALUES(10,'1','Главное сообщение',1,'[{"added": {}}, {"added": {"name": "\u041a\u043d\u043e\u043f\u043a\u0438 \u0432\u043d\u0435\u0443\u0447\u0435\u0431\u043d\u043e\u0439 \u0434\u0435\u044f\u0442\u0435\u043b\u044c\u043d\u043e\u0441\u0442\u0438", "object": "\u041f\u0435\u0440\u0432\u0430\u044f \u043a\u043d\u043e\u043f\u043a\u0430"}}, {"added": {"name": "\u041a\u043d\u043e\u043f\u043a\u0438 \u0432\u043d\u0435\u0443\u0447\u0435\u0431\u043d\u043e\u0439 \u0434\u0435\u044f\u0442\u0435\u043b\u044c\u043d\u043e\u0441\u0442\u0438", "object": "\u0412\u0442\u043e\u0440\u0430\u044f \u043a\u043d\u043e\u043f\u043a\u0430"}}]',10,1,'2024-07-07 17:28:27.545137');
INSERT INTO django_admin_log VALUES(11,'1','Главное сообщение',2,'[]',10,1,'2024-07-07 17:28:41.584622');
INSERT INTO django_admin_log VALUES(12,'1','Главное сообщение',2,'[{"added": {"name": "\u041a\u043d\u043e\u043f\u043a\u0438 \u0432\u043d\u0435\u0443\u0447\u0435\u0431\u043d\u043e\u0439 \u0434\u0435\u044f\u0442\u0435\u043b\u044c\u043d\u043e\u0441\u0442\u0438", "object": "\u0422\u0440\u0435\u0442\u044c\u044f \u043a\u043d\u043e\u043f\u043a\u0430"}}, {"added": {"name": "\u041a\u043d\u043e\u043f\u043a\u0438 \u0432\u043d\u0435\u0443\u0447\u0435\u0431\u043d\u043e\u0439 \u0434\u0435\u044f\u0442\u0435\u043b\u044c\u043d\u043e\u0441\u0442\u0438", "object": "4"}}, {"added": {"name": "\u041a\u043d\u043e\u043f\u043a\u0438 \u0432\u043d\u0435\u0443\u0447\u0435\u0431\u043d\u043e\u0439 \u0434\u0435\u044f\u0442\u0435\u043b\u044c\u043d\u043e\u0441\u0442\u0438", "object": "5"}}, {"added": {"name": "\u041a\u043d\u043e\u043f\u043a\u0438 \u0432\u043d\u0435\u0443\u0447\u0435\u0431\u043d\u043e\u0439 \u0434\u0435\u044f\u0442\u0435\u043b\u044c\u043d\u043e\u0441\u0442\u0438", "object": "6"}}, {"added": {"name": "\u041a\u043d\u043e\u043f\u043a\u0438 \u0432\u043d\u0435\u0443\u0447\u0435\u0431\u043d\u043e\u0439 \u0434\u0435\u044f\u0442\u0435\u043b\u044c\u043d\u043e\u0441\u0442\u0438", "object": "7"}}, {"added": {"name": "\u041a\u043d\u043e\u043f\u043a\u0438 \u0432\u043d\u0435\u0443\u0447\u0435\u0431\u043d\u043e\u0439 \u0434\u0435\u044f\u0442\u0435\u043b\u044c\u043d\u043e\u0441\u0442\u0438", "object": "8"}}, {"added": {"name": "\u041a\u043d\u043e\u043f\u043a\u0438 \u0432\u043d\u0435\u0443\u0447\u0435\u0431\u043d\u043e\u0439 \u0434\u0435\u044f\u0442\u0435\u043b\u044c\u043d\u043e\u0441\u0442\u0438", "object": "9"}}]',10,1,'2024-07-09 08:00:13.658447');
INSERT INTO django_admin_log VALUES(13,'1','Главное сообщение',2,'[{"changed": {"name": "\u041a\u043d\u043e\u043f\u043a\u0438 \u0432\u043d\u0435\u0443\u0447\u0435\u0431\u043d\u043e\u0439 \u0434\u0435\u044f\u0442\u0435\u043b\u044c\u043d\u043e\u0441\u0442\u0438", "object": "\u041f\u0435\u0440\u0432\u0430\u044f \u043a\u043d\u043e\u043f\u043a\u0430", "fields": ["Title", "Message"]}}, {"changed": {"name": "\u041a\u043d\u043e\u043f\u043a\u0438 \u0432\u043d\u0435\u0443\u0447\u0435\u0431\u043d\u043e\u0439 \u0434\u0435\u044f\u0442\u0435\u043b\u044c\u043d\u043e\u0441\u0442\u0438", "object": "\u0412\u0442\u043e\u0440\u0430\u044f \u043a\u043d\u043e\u043f\u043a\u0430", "fields": ["Title", "Message"]}}, {"added": {"name": "\u041d\u0430\u043f\u0440\u0430\u0432\u043b\u0435\u043d\u0438\u044f \u0432\u043d\u0435\u0443\u0447\u0435\u0431\u043d\u043e\u0439 \u0434\u0435\u044f\u0442\u0435\u043b\u044c\u043d\u043e\u0441\u0442\u0438", "object": "\u041a\u0438\u0431\u0435\u0440\u043a\u043b\u0443\u0431"}}, {"added": {"name": "\u041d\u0430\u043f\u0440\u0430\u0432\u043b\u0435\u043d\u0438\u044f \u0432\u043d\u0435\u0443\u0447\u0435\u0431\u043d\u043e\u0439 \u0434\u0435\u044f\u0442\u0435\u043b\u044c\u043d\u043e\u0441\u0442\u0438", "object": "\u0413\u0440\u0435\u0431\u0446\u044b"}}, {"added": {"name": "\u041d\u0430\u043f\u0440\u0430\u0432\u043b\u0435\u043d\u0438\u044f \u0432\u043d\u0435\u0443\u0447\u0435\u0431\u043d\u043e\u0439 \u0434\u0435\u044f\u0442\u0435\u043b\u044c\u043d\u043e\u0441\u0442\u0438", "object": "\u0424\u0443\u0442\u0431\u043e\u043b"}}, {"added": {"name": "\u041d\u0430\u043f\u0440\u0430\u0432\u043b\u0435\u043d\u0438\u044f \u0432\u043d\u0435\u0443\u0447\u0435\u0431\u043d\u043e\u0439 \u0434\u0435\u044f\u0442\u0435\u043b\u044c\u043d\u043e\u0441\u0442\u0438", "object": "1"}}, {"added": {"name": "\u041f\u043e\u0434\u0440\u0430\u0437\u0434\u0435\u043b\u0435\u043d\u0438\u044f \u0443 \u041d\u0430\u043f\u0440\u0430\u0432\u043b\u0435\u043d\u0438\u044f", "object": "\u0414\u043e\u0442\u04302"}}, {"added": {"name": "\u041f\u043e\u0434\u0440\u0430\u0437\u0434\u0435\u043b\u0435\u043d\u0438\u044f \u0443 \u041d\u0430\u043f\u0440\u0430\u0432\u043b\u0435\u043d\u0438\u044f", "object": "\u041a\u0421 \u0413\u041e\u04232"}}, {"added": {"name": "\u041f\u043e\u0434\u0440\u0430\u0437\u0434\u0435\u043b\u0435\u043d\u0438\u044f \u0443 \u041d\u0430\u043f\u0440\u0430\u0432\u043b\u0435\u043d\u0438\u044f", "object": "\u041b\u0438\u0433\u0430\u041b\u0435\u0433\u0435\u043d\u0434"}}, {"added": {"name": "\u041f\u043e\u0434\u0440\u0430\u0437\u0434\u0435\u043b\u0435\u043d\u0438\u044f \u0443 \u041d\u0430\u043f\u0440\u0430\u0432\u043b\u0435\u043d\u0438\u044f", "object": "\u0412\u0430\u043b\u043e\u0440\u0430\u043d\u0442"}}, {"added": {"name": "\u041f\u043e\u0434\u0440\u0430\u0437\u0434\u0435\u043b\u0435\u043d\u0438\u044f \u0443 \u041d\u0430\u043f\u0440\u0430\u0432\u043b\u0435\u043d\u0438\u044f", "object": "\u0416\u0435\u043d\u0441\u043a\u0430\u044f \u0441\u0431\u043e\u0440\u043d\u0430\u044f"}}, {"added": {"name": "\u041f\u043e\u0434\u0440\u0430\u0437\u0434\u0435\u043b\u0435\u043d\u0438\u044f \u0443 \u041d\u0430\u043f\u0440\u0430\u0432\u043b\u0435\u043d\u0438\u044f", "object": "\u041c\u0443\u0436\u0441\u043a\u0430\u044f \u0441\u0431\u043e\u0440\u043d\u0430\u044f"}}]',10,1,'2024-07-09 08:42:44.705302');
INSERT INTO django_admin_log VALUES(14,'1','Главное сообщение',2,'[{"changed": {"name": "\u041d\u0430\u043f\u0440\u0430\u0432\u043b\u0435\u043d\u0438\u044f \u0432\u043d\u0435\u0443\u0447\u0435\u0431\u043d\u043e\u0439 \u0434\u0435\u044f\u0442\u0435\u043b\u044c\u043d\u043e\u0441\u0442\u0438", "object": "\u0413\u0440\u0435\u0431\u0446\u044b", "fields": ["Link"]}}, {"changed": {"name": "\u041d\u0430\u043f\u0440\u0430\u0432\u043b\u0435\u043d\u0438\u044f \u0432\u043d\u0435\u0443\u0447\u0435\u0431\u043d\u043e\u0439 \u0434\u0435\u044f\u0442\u0435\u043b\u044c\u043d\u043e\u0441\u0442\u0438", "object": "\u0424\u0443\u0442\u0431\u043e\u043b", "fields": ["Image"]}}, {"changed": {"name": "\u041f\u043e\u0434\u0440\u0430\u0437\u0434\u0435\u043b\u0435\u043d\u0438\u044f \u0443 \u041d\u0430\u043f\u0440\u0430\u0432\u043b\u0435\u043d\u0438\u044f", "object": "\u0414\u043e\u0442\u04302", "fields": ["Image", "Link"]}}, {"changed": {"name": "\u041f\u043e\u0434\u0440\u0430\u0437\u0434\u0435\u043b\u0435\u043d\u0438\u044f \u0443 \u041d\u0430\u043f\u0440\u0430\u0432\u043b\u0435\u043d\u0438\u044f", "object": "\u041a\u0421 \u0413\u041e\u04232", "fields": ["Image", "Link"]}}, {"changed": {"name": "\u041f\u043e\u0434\u0440\u0430\u0437\u0434\u0435\u043b\u0435\u043d\u0438\u044f \u0443 \u041d\u0430\u043f\u0440\u0430\u0432\u043b\u0435\u043d\u0438\u044f", "object": "\u041b\u0438\u0433\u0430\u041b\u0435\u0433\u0435\u043d\u0434", "fields": ["Image"]}}, {"changed": {"name": "\u041f\u043e\u0434\u0440\u0430\u0437\u0434\u0435\u043b\u0435\u043d\u0438\u044f \u0443 \u041d\u0430\u043f\u0440\u0430\u0432\u043b\u0435\u043d\u0438\u044f", "object": "\u0412\u0430\u043b\u043e\u0440\u0430\u043d\u0442", "fields": ["Image"]}}, {"changed": {"name": "\u041f\u043e\u0434\u0440\u0430\u0437\u0434\u0435\u043b\u0435\u043d\u0438\u044f \u0443 \u041d\u0430\u043f\u0440\u0430\u0432\u043b\u0435\u043d\u0438\u044f", "object": "\u0416\u0435\u043d\u0441\u043a\u0430\u044f \u0441\u0431\u043e\u0440\u043d\u0430\u044f", "fields": ["Image"]}}, {"changed": {"name": "\u041f\u043e\u0434\u0440\u0430\u0437\u0434\u0435\u043b\u0435\u043d\u0438\u044f \u0443 \u041d\u0430\u043f\u0440\u0430\u0432\u043b\u0435\u043d\u0438\u044f", "object": "\u041c\u0443\u0436\u0441\u043a\u0430\u044f \u0441\u0431\u043e\u0440\u043d\u0430\u044f", "fields": ["Image", "Link"]}}]',10,1,'2024-07-09 13:05:49.476190');
INSERT INTO django_admin_log VALUES(15,'2','Семен Дубчак 111111111',1,'[{"added": {}}]',13,1,'2024-07-09 13:12:50.681774');
INSERT INTO django_admin_log VALUES(16,'1','Илья Бетяев 123123123',3,'',12,1,'2024-07-09 13:13:02.081480');
INSERT INTO django_admin_log VALUES(17,'1','Главное сообщение',2,'[{"changed": {"fields": ["Message"]}}]',8,1,'2024-07-09 13:44:46.001452');
INSERT INTO django_admin_log VALUES(18,'1','Главное сообщение',2,'[{"changed": {"fields": ["Message"]}}]',8,1,'2024-07-09 13:45:41.715637');
INSERT INTO django_admin_log VALUES(19,'1','Изображение пользователя с id Илья Бетяев 123123123 и состоянием Uploaded',1,'[{"added": {}}]',18,1,'2024-07-10 12:15:05.529617');
INSERT INTO django_admin_log VALUES(20,'1','Изображение пользователя с id Илья Бетяев 123123123 и состоянием Uploaded',3,'',18,1,'2024-07-10 12:15:26.392775');
INSERT INTO django_admin_log VALUES(21,'2','Изображение пользователя с id Илья Бетяев 123123123 и состоянием uploaded',1,'[{"added": {}}]',18,1,'2024-07-10 12:15:39.657701');
INSERT INTO django_admin_log VALUES(22,'2','Изображение пользователя с id Илья Бетяев 123123123 и состоянием uploaded',2,'[]',18,1,'2024-07-10 12:15:44.069981');
INSERT INTO django_admin_log VALUES(23,'3','Изображение пользователя с id Илья Бетяев 123123123 и состоянием uploaded',1,'[{"added": {}}]',18,1,'2024-07-10 12:15:53.731735');
INSERT INTO django_admin_log VALUES(24,'4','Изображение пользователя с id Илья Бетяев 123123123 и состоянием uploaded',1,'[{"added": {}}]',18,1,'2024-07-10 12:16:23.577519');
INSERT INTO django_admin_log VALUES(25,'4','Изображение пользователя с id Илья Бетяев 123123123 и состоянием uploaded',3,'',18,1,'2024-07-10 12:20:52.883637');
INSERT INTO django_admin_log VALUES(26,'3','Изображение пользователя с id Илья Бетяев 123123123 и состоянием uploaded',3,'',18,1,'2024-07-10 12:20:52.887870');
INSERT INTO django_admin_log VALUES(27,'2','Изображение пользователя с id Илья Бетяев 123123123 и состоянием uploaded',3,'',18,1,'2024-07-10 12:20:52.890619');
INSERT INTO django_admin_log VALUES(28,'5','Изображение пользователя с id Илья Бетяев 123123123 и состоянием uploaded',1,'[{"added": {}}]',18,1,'2024-07-10 12:21:10.769703');
INSERT INTO django_admin_log VALUES(29,'6','Изображение пользователя с id Илья Бетяев 123123123 и состоянием uploaded',1,'[{"added": {}}]',18,1,'2024-07-10 12:23:18.126328');
INSERT INTO django_admin_log VALUES(30,'5','Изображение пользователя с id Илья Бетяев 123123123 и состоянием uploaded',3,'',18,1,'2024-07-10 12:24:58.658395');
INSERT INTO django_admin_log VALUES(31,'7','Изображение пользователя с id Илья Бетяев 123123123 и состоянием uploaded',1,'[{"added": {}}]',18,1,'2024-07-10 12:25:11.180387');
INSERT INTO django_admin_log VALUES(32,'9','Изображение пользователя с id Илья Бетяев 123123123 и состоянием uploaded',3,'',18,1,'2024-07-11 09:06:42.743198');
INSERT INTO django_admin_log VALUES(33,'8','Изображение пользователя с id Илья Бетяев 123123123 и состоянием uploaded',3,'',18,1,'2024-07-11 09:06:42.746995');
INSERT INTO django_admin_log VALUES(34,'7','Изображение пользователя с id Илья Бетяев 123123123 и состоянием uploaded',3,'',18,1,'2024-07-11 09:06:42.748855');
INSERT INTO django_admin_log VALUES(35,'6','Изображение пользователя с id Илья Бетяев 123123123 и состоянием uploaded',3,'',18,1,'2024-07-11 09:06:42.750799');
INSERT INTO django_admin_log VALUES(36,'11','Изображение пользователя с id Илья Бетяев 123123123 и состоянием uploaded',3,'',18,1,'2024-07-11 09:41:57.346043');
INSERT INTO django_admin_log VALUES(37,'10','Изображение пользователя с id Илья Бетяев 123123123 и состоянием uploaded',3,'',18,1,'2024-07-11 09:41:57.349682');
INSERT INTO django_admin_log VALUES(38,'12','Изображение пользователя с id Илья Бетяев 123123123 и состоянием uploaded',2,'[{"changed": {"fields": ["Image"]}}]',18,1,'2024-07-11 09:44:09.448978');
INSERT INTO django_admin_log VALUES(39,'13','Изображение пользователя с id Илья Бетяев 123123123 и состоянием uploaded',2,'[{"changed": {"fields": ["State"]}}]',18,1,'2024-07-11 09:52:24.684222');
INSERT INTO django_admin_log VALUES(40,'13','Изображение пользователя с id Илья Бетяев 123123123 и состоянием uploaded',2,'[{"changed": {"fields": ["State"]}}]',18,1,'2024-07-11 09:52:57.700848');
INSERT INTO django_admin_log VALUES(41,'13','Изображение пользователя с id Илья Бетяев 123123123 и состоянием uploaded',2,'[{"changed": {"fields": ["State"]}}]',18,1,'2024-07-11 09:53:08.157909');
INSERT INTO django_admin_log VALUES(42,'13','Изображение пользователя с id Илья Бетяев 123123123 и состоянием good',2,'[{"changed": {"fields": ["State"]}}]',18,1,'2024-07-11 09:54:19.762175');
INSERT INTO django_admin_log VALUES(43,'13','Изображение пользователя с id Илья Бетяев 123123123 и состоянием good',2,'[]',18,1,'2024-07-11 09:54:25.792694');
INSERT INTO django_admin_log VALUES(44,'13','Изображение пользователя с id Илья Бетяев 123123123 и состоянием bad',2,'[{"changed": {"fields": ["State"]}}]',18,1,'2024-07-11 09:54:44.739228');
INSERT INTO django_admin_log VALUES(45,'13','Изображение пользователя с id Илья Бетяев 123123123 и состоянием good',2,'[{"changed": {"fields": ["State"]}}]',18,1,'2024-07-11 09:57:12.109732');
INSERT INTO django_admin_log VALUES(46,'13','Изображение пользователя с id Илья Бетяев 123123123 и состоянием bad',2,'[{"changed": {"fields": ["State"]}}]',18,1,'2024-07-11 09:59:37.133919');
INSERT INTO django_admin_log VALUES(47,'13','Изображение пользователя с id Илья Бетяев 123123123 и состоянием good',2,'[{"changed": {"fields": ["State"]}}]',18,1,'2024-07-11 10:05:34.361624');
INSERT INTO django_admin_log VALUES(48,'12','Изображение пользователя с id Илья Бетяев 123123123 и состоянием bad',2,'[{"changed": {"fields": ["State"]}}]',18,1,'2024-07-11 10:46:33.157510');
INSERT INTO django_admin_log VALUES(49,'13','Изображение пользователя с id Илья Бетяев 123123123 и состоянием bad',2,'[{"changed": {"fields": ["State"]}}]',18,1,'2024-07-11 11:03:59.109003');
INSERT INTO django_admin_log VALUES(50,'13','Изображение пользователя с id Илья Бетяев 123123123 и состоянием good',2,'[{"changed": {"fields": ["State"]}}]',18,1,'2024-07-11 11:06:01.607917');
INSERT INTO django_admin_log VALUES(51,'13','Изображение пользователя с id Илья Бетяев 123123123 и состоянием bad',2,'[{"changed": {"fields": ["State"]}}]',18,1,'2024-07-11 11:06:40.471992');
INSERT INTO django_admin_log VALUES(52,'13','Изображение пользователя с id Илья Бетяев 123123123 и состоянием processed',2,'[{"changed": {"fields": ["State"]}}]',18,1,'2024-07-11 11:08:22.414292');
INSERT INTO django_admin_log VALUES(53,'13','Изображение пользователя с id Илья Бетяев 123123123 и состоянием good',2,'[{"changed": {"fields": ["State"]}}]',18,1,'2024-07-11 11:09:51.670988');
INSERT INTO django_admin_log VALUES(54,'13','Изображение пользователя с id Илья Бетяев 123123123 и состоянием in_processing',2,'[{"changed": {"fields": ["State"]}}]',18,1,'2024-07-11 11:16:36.822531');
INSERT INTO django_admin_log VALUES(55,'13','Изображение пользователя с id Илья Бетяев 123123123 и состоянием bad',2,'[{"changed": {"fields": ["State"]}}]',18,1,'2024-07-11 11:18:11.382236');
INSERT INTO django_admin_log VALUES(56,'13','Изображение пользователя с id Илья Бетяев 123123123 и состоянием processed',2,'[{"changed": {"fields": ["State"]}}]',18,1,'2024-07-11 11:25:02.552594');
INSERT INTO django_admin_log VALUES(57,'13','Изображение пользователя с id Илья Бетяев 123123123 и состоянием bad',2,'[{"changed": {"fields": ["State"]}}]',18,1,'2024-07-11 11:25:11.568180');
INSERT INTO django_admin_log VALUES(58,'12','Изображение пользователя с id Илья Бетяев 123123123 и состоянием good',2,'[{"changed": {"fields": ["State"]}}]',18,1,'2024-07-11 11:25:17.751625');
INSERT INTO django_admin_log VALUES(59,'13','Изображение пользователя с id Илья Бетяев 123123123 и состоянием bad',3,'',18,1,'2024-07-11 11:29:12.109448');
INSERT INTO django_admin_log VALUES(60,'12','Изображение пользователя с id Илья Бетяев 123123123 и состоянием good',3,'',18,1,'2024-07-11 11:29:12.113423');
INSERT INTO django_admin_log VALUES(61,'14','Изображение пользователя с id Илья Бетяев 123123123 и состоянием bad',2,'[{"changed": {"fields": ["State"]}}]',18,1,'2024-07-11 11:29:47.867874');
INSERT INTO django_admin_log VALUES(62,'15','Изображение пользователя с id Илья Бетяев 123123123 и состоянием good',2,'[{"changed": {"fields": ["State"]}}]',18,1,'2024-07-11 11:30:46.050066');
INSERT INTO django_admin_log VALUES(63,'2','Илья Бетяев 123123123',3,'',12,1,'2024-07-11 11:31:10.328317');
INSERT INTO django_admin_log VALUES(64,'1','Главное сообщение',2,'[{"changed": {"name": "\u041a\u043d\u043e\u043f\u043a\u0438 \u0432\u043d\u0435\u0443\u0447\u0435\u0431\u043d\u043e\u0439 \u0434\u0435\u044f\u0442\u0435\u043b\u044c\u043d\u043e\u0441\u0442\u0438", "object": "\u0421\u043f\u043e\u0440\u0442\u043a\u043b\u0443\u0431", "fields": ["Message"]}}]',10,1,'2024-07-11 11:33:46.631508');
INSERT INTO django_admin_log VALUES(65,'16','Изображение пользователя с id Илья Бетяев 123123123 и состоянием bad',2,'[{"changed": {"fields": ["State"]}}]',18,1,'2024-07-11 11:37:48.785200');
INSERT INTO django_admin_log VALUES(66,'17','Изображение пользователя с id Илья Бетяев 123123123 и состоянием good',2,'[{"changed": {"fields": ["State"]}}]',18,1,'2024-07-11 11:39:19.752228');
INSERT INTO django_admin_log VALUES(67,'3','Владислава Белякова 222222222',1,'[{"added": {}}]',13,1,'2024-07-11 11:45:12.436513');
INSERT INTO django_admin_log VALUES(68,'17','Изображение пользователя с id Илья Бетяев 123123123 и состоянием good',3,'',18,1,'2024-07-11 11:48:06.437814');
INSERT INTO django_admin_log VALUES(69,'16','Изображение пользователя с id Илья Бетяев 123123123 и состоянием bad',3,'',18,1,'2024-07-11 11:48:06.441809');
INSERT INTO django_admin_log VALUES(70,'18','Изображение пользователя с id Семен Дубчак 111111111 и состоянием bad',2,'[{"changed": {"fields": ["State"]}}]',18,1,'2024-07-11 11:52:26.608659');
INSERT INTO django_admin_log VALUES(71,'18','Изображение пользователя с id Семен Дубчак 111111111 и состоянием good',2,'[{"changed": {"fields": ["State"]}}]',18,1,'2024-07-11 11:52:51.335385');
INSERT INTO django_admin_log VALUES(72,'19','Изображение пользователя с id Илья Бетяев 123123123 и состоянием bad',2,'[{"changed": {"fields": ["State"]}}]',18,1,'2024-07-11 11:56:02.732630');
INSERT INTO django_admin_log VALUES(73,'1','Главное сообщение',2,'[{"changed": {"name": "\u041a\u043d\u043e\u043f\u043a\u0438 \u0432\u043d\u0435\u0443\u0447\u0435\u0431\u043d\u043e\u0439 \u0434\u0435\u044f\u0442\u0435\u043b\u044c\u043d\u043e\u0441\u0442\u0438", "object": "\u0421\u043f\u043e\u0440\u0442\u043a\u043b\u0443\u0431", "fields": ["Message"]}}]',10,1,'2024-07-11 12:51:27.677679');
INSERT INTO django_admin_log VALUES(74,'1','Главное сообщение',1,'[{"added": {}}]',20,1,'2024-07-23 12:11:44.538180');
INSERT INTO django_admin_log VALUES(75,'1','Главное сообщение',2,'[{"added": {"name": "\u041a\u043d\u043e\u043f\u043a\u0438 \u043a \u0441\u043e\u043e\u0431\u0449\u0435\u043d\u0438\u044e \u043e\u043d\u043b\u0430\u0439\u043d \u0441\u0442\u0430\u0440\u043e\u0441\u0442\u044b --- \u0422\u0435\u043c\u044b", "object": "\u0421\u0442\u0438\u043f\u0435\u043d\u0434\u0438\u044f"}}, {"added": {"name": "\u041a\u043d\u043e\u043f\u043a\u0438 \u043a \u0441\u043e\u043e\u0431\u0449\u0435\u043d\u0438\u044e \u043e\u043d\u043b\u0430\u0439\u043d \u0441\u0442\u0430\u0440\u043e\u0441\u0442\u044b --- \u0422\u0435\u043c\u044b", "object": "\u041e\u0442\u0447\u0438\u0441\u043b\u0435\u043d\u0438\u0435"}}]',20,1,'2024-07-23 12:13:21.879345');
INSERT INTO django_admin_log VALUES(76,'1','Главное сообщение',2,'[]',20,1,'2024-07-27 06:04:34.394079');
INSERT INTO django_admin_log VALUES(77,'1','Главное сообщение',2,'[{"added": {"name": "\u041a\u043d\u043e\u043f\u043a\u0438 \u043a \u041f\u043e\u0434\u0442\u0435\u043c\u0430\u043c", "object": "\u042f \u0432\u0441\u0435 \u0436\u0435 \u0445\u043e\u0447\u0443 \u0434\u0435\u043d\u044c\u0433\u0438"}}]',20,1,'2024-07-28 12:29:25.863752');
INSERT INTO django_admin_log VALUES(78,'1','Главное сообщение',2,'[{"added": {"name": "\u041a\u043d\u043e\u043f\u043a\u0438 \u043a \u041f\u043e\u0434\u0442\u0435\u043c\u0430\u043c", "object": "\u042f \u043d\u0435 \u0445\u043e\u0447\u0443 \u0434\u0435\u043d\u0435\u0433"}}]',20,1,'2024-07-28 12:37:22.551235');
INSERT INTO django_admin_log VALUES(79,'1','Главное сообщение',2,'[{"added": {"name": "\u041a\u043d\u043e\u043f\u043a\u0438 \u043a \u041f\u043e\u0434\u0442\u0435\u043c\u0430\u043c", "object": "\u041d\u0435 \u043e\u0442\u0447\u0438\u0441\u043b\u044f\u0439\u0442\u0435 \u043f\u0436"}}]',20,1,'2024-07-28 12:38:37.739822');
INSERT INTO django_admin_log VALUES(80,'1','Главное сообщение',2,'[{"changed": {"name": "\u041a\u043d\u043e\u043f\u043a\u0438 \u043a \u0441\u043e\u043e\u0431\u0449\u0435\u043d\u0438\u044e \u043e\u043d\u043b\u0430\u0439\u043d \u0441\u0442\u0430\u0440\u043e\u0441\u0442\u044b --- \u0422\u0435\u043c\u044b", "object": "\u041e\u0442\u0447\u0438\u0441\u043b\u0435\u043d\u0438\u0435", "fields": ["Link"]}}]',20,1,'2024-07-28 12:51:34.496406');
INSERT INTO django_admin_log VALUES(81,'2','semen.dubchak',1,'[{"added": {}}]',4,1,'2024-07-28 13:11:54.023204');
INSERT INTO django_admin_log VALUES(82,'2','semen.dubchak',2,'[{"changed": {"fields": ["Staff status", "Superuser status", "User permissions"]}}]',4,1,'2024-07-28 13:12:16.698576');
INSERT INTO django_admin_log VALUES(83,'1','Главное сообщение',2,'[{"changed": {"name": "\u041a\u043d\u043e\u043f\u043a\u0438 \u0432\u043d\u0435\u0443\u0447\u0435\u0431\u043d\u043e\u0439 \u0434\u0435\u044f\u0442\u0435\u043b\u044c\u043d\u043e\u0441\u0442\u0438", "object": "\u0422\u0440\u0435\u0442\u044c\u044f \u043a\u043d\u043e\u043f\u043a\u0430", "fields": ["Title", "Message"]}}, {"added": {"name": "\u041f\u043e\u0434\u0440\u0430\u0437\u0434\u0435\u043b\u0435\u043d\u0438\u044f \u0443 \u041d\u0430\u043f\u0440\u0430\u0432\u043b\u0435\u043d\u0438\u044f", "object": "\u0410\u0411\u0425\u0410\u0421\u041a\u041e\u0415 \u0417\u0415\u041c\u041b\u042f\u0427\u0415\u0421\u0422\u0412\u041e"}}]',10,2,'2024-07-29 11:02:37.461728');
INSERT INTO django_admin_log VALUES(84,'1','Главное сообщение',2,'[{"changed": {"name": "\u041f\u043e\u0434\u0440\u0430\u0437\u0434\u0435\u043b\u0435\u043d\u0438\u044f \u0443 \u041d\u0430\u043f\u0440\u0430\u0432\u043b\u0435\u043d\u0438\u044f", "object": "\u0410\u0411\u0425\u0410\u0421\u041a\u041e\u0415 \u0417\u0415\u041c\u041b\u042f\u0427\u0415\u0421\u0422\u0412\u041e", "fields": ["Image"]}}]',10,2,'2024-07-29 11:09:46.467460');
INSERT INTO django_admin_log VALUES(85,'1','Главное сообщение',2,'[{"changed": {"name": "\u041f\u043e\u0434\u0440\u0430\u0437\u0434\u0435\u043b\u0435\u043d\u0438\u044f \u0443 \u041d\u0430\u043f\u0440\u0430\u0432\u043b\u0435\u043d\u0438\u044f", "object": "\u0410\u0411\u0425\u0410\u0421\u041a\u041e\u0415 \u0417\u0415\u041c\u041b\u042f\u0427\u0415\u0421\u0422\u0412\u041e", "fields": ["Message", "Link"]}}]',10,2,'2024-07-29 11:10:42.650809');
INSERT INTO django_admin_log VALUES(86,'1','Главное сообщение',2,'[{"changed": {"name": "\u041f\u043e\u0434\u0440\u0430\u0437\u0434\u0435\u043b\u0435\u043d\u0438\u044f \u0443 \u041d\u0430\u043f\u0440\u0430\u0432\u043b\u0435\u043d\u0438\u044f", "object": "\u0410\u0411\u0425\u0410\u0421\u041a\u041e\u0415 \u0417\u0415\u041c\u041b\u042f\u0427\u0415\u0421\u0422\u0412\u041e", "fields": ["Title"]}}]',10,2,'2024-07-29 11:11:42.995999');
INSERT INTO django_admin_log VALUES(87,'1','Главное сообщение',2,'[{"changed": {"name": "\u041a\u043d\u043e\u043f\u043a\u0438 \u0432\u043d\u0435\u0443\u0447\u0435\u0431\u043d\u043e\u0439 \u0434\u0435\u044f\u0442\u0435\u043b\u044c\u043d\u043e\u0441\u0442\u0438", "object": "\u0417\u0435\u043c\u043b\u044f\u0447\u0435\u0441\u0442\u0432\u043e", "fields": ["Image"]}}]',10,2,'2024-07-29 11:12:43.197791');
INSERT INTO django_admin_log VALUES(88,'1','Главное сообщение',2,'[{"added": {"name": "\u041d\u0430\u043f\u0440\u0430\u0432\u043b\u0435\u043d\u0438\u044f \u0432\u043d\u0435\u0443\u0447\u0435\u0431\u043d\u043e\u0439 \u0434\u0435\u044f\u0442\u0435\u043b\u044c\u043d\u043e\u0441\u0442\u0438", "object": "\u0410\u0431\u0445\u0430\u0441\u043a\u043e\u0435 \u0437\u0435\u043c\u043b\u044f\u0447\u0435\u0441\u0442\u0432\u043e"}}]',10,2,'2024-07-29 11:15:17.212326');
INSERT INTO django_admin_log VALUES(89,'1','Главное сообщение',2,'[{"changed": {"name": "\u041d\u0430\u043f\u0440\u0430\u0432\u043b\u0435\u043d\u0438\u044f \u0432\u043d\u0435\u0443\u0447\u0435\u0431\u043d\u043e\u0439 \u0434\u0435\u044f\u0442\u0435\u043b\u044c\u043d\u043e\u0441\u0442\u0438", "object": "\u0410\u0431\u0445\u0430\u0441\u043a\u043e\u0435 \u0437\u0435\u043c\u043b\u044f\u0447\u0435\u0441\u0442\u0432\u043e", "fields": ["Message"]}}, {"deleted": {"name": "\u041f\u043e\u0434\u0440\u0430\u0437\u0434\u0435\u043b\u0435\u043d\u0438\u044f \u0443 \u041d\u0430\u043f\u0440\u0430\u0432\u043b\u0435\u043d\u0438\u044f", "object": "\u0410\u0431\u0445\u0430\u0441\u043a\u043e\u0435 \u0437\u0435\u043c\u043b\u044f\u0447\u0435\u0441\u0442\u0432\u043e"}}]',10,2,'2024-07-29 11:15:53.965476');
INSERT INTO django_admin_log VALUES(90,'1','Главное сообщение',2,'[{"changed": {"name": "\u041d\u0430\u043f\u0440\u0430\u0432\u043b\u0435\u043d\u0438\u044f \u0432\u043d\u0435\u0443\u0447\u0435\u0431\u043d\u043e\u0439 \u0434\u0435\u044f\u0442\u0435\u043b\u044c\u043d\u043e\u0441\u0442\u0438", "object": "\u0410\u0431\u0445\u0430\u0441\u043a\u043e\u0435 \u0437\u0435\u043c\u043b\u044f\u0447\u0435\u0441\u0442\u0432\u043e", "fields": ["Message"]}}, {"added": {"name": "\u041f\u043e\u0434\u0440\u0430\u0437\u0434\u0435\u043b\u0435\u043d\u0438\u044f \u0443 \u041d\u0430\u043f\u0440\u0430\u0432\u043b\u0435\u043d\u0438\u044f", "object": "\u0410\u0434\u044b\u0433\u0441\u043a\u043e\u0435 \u0437\u0435\u043c\u043b\u044f\u0447\u0435\u0441\u0442\u0432\u043e"}}]',10,2,'2024-07-29 11:20:10.663351');
INSERT INTO django_admin_log VALUES(91,'1','Главное сообщение',2,'[{"added": {"name": "\u041d\u0430\u043f\u0440\u0430\u0432\u043b\u0435\u043d\u0438\u044f \u0432\u043d\u0435\u0443\u0447\u0435\u0431\u043d\u043e\u0439 \u0434\u0435\u044f\u0442\u0435\u043b\u044c\u043d\u043e\u0441\u0442\u0438", "object": "\u0410\u0434\u044b\u0433\u0441\u043a\u043e\u0435 \u0437\u0435\u043c\u043b\u044f\u0447\u0435\u0441\u0442\u0432\u043e"}}, {"deleted": {"name": "\u041f\u043e\u0434\u0440\u0430\u0437\u0434\u0435\u043b\u0435\u043d\u0438\u044f \u0443 \u041d\u0430\u043f\u0440\u0430\u0432\u043b\u0435\u043d\u0438\u044f", "object": "\u0410\u0434\u044b\u0433\u0441\u043a\u043e\u0435 \u0437\u0435\u043c\u043b\u044f\u0447\u0435\u0441\u0442\u0432\u043e"}}]',10,2,'2024-07-29 11:22:16.567041');
INSERT INTO django_admin_log VALUES(92,'1','Главное сообщение',2,'[{"deleted": {"name": "\u041d\u0430\u043f\u0440\u0430\u0432\u043b\u0435\u043d\u0438\u044f \u0432\u043d\u0435\u0443\u0447\u0435\u0431\u043d\u043e\u0439 \u0434\u0435\u044f\u0442\u0435\u043b\u044c\u043d\u043e\u0441\u0442\u0438", "object": "\u0410\u0431\u0445\u0430\u0441\u043a\u043e\u0435 \u0437\u0435\u043c\u043b\u044f\u0447\u0435\u0441\u0442\u0432\u043e"}}]',10,2,'2024-07-29 11:23:08.642864');
INSERT INTO django_admin_log VALUES(93,'1','Главное сообщение',2,'[{"deleted": {"name": "\u041d\u0430\u043f\u0440\u0430\u0432\u043b\u0435\u043d\u0438\u044f \u0432\u043d\u0435\u0443\u0447\u0435\u0431\u043d\u043e\u0439 \u0434\u0435\u044f\u0442\u0435\u043b\u044c\u043d\u043e\u0441\u0442\u0438", "object": "\u0410\u0434\u044b\u0433\u0441\u043a\u043e\u0435 \u0437\u0435\u043c\u043b\u044f\u0447\u0435\u0441\u0442\u0432\u043e"}}]',10,2,'2024-07-29 11:23:33.791857');
INSERT INTO django_admin_log VALUES(94,'1','Главное сообщение',2,'[]',10,2,'2024-07-29 11:24:28.378470');
INSERT INTO django_admin_log VALUES(95,'1','Главное сообщение',2,'[{"added": {"name": "\u041d\u0430\u043f\u0440\u0430\u0432\u043b\u0435\u043d\u0438\u044f \u0432\u043d\u0435\u0443\u0447\u0435\u0431\u043d\u043e\u0439 \u0434\u0435\u044f\u0442\u0435\u043b\u044c\u043d\u043e\u0441\u0442\u0438", "object": "\u0410\u0431\u0445\u0430\u0441\u043a\u043e\u0435 \u0437\u0435\u043c\u043b\u044f\u0447\u0435\u0441\u0442\u0432\u043e"}}]',10,2,'2024-07-29 11:31:06.643180');
INSERT INTO django_admin_log VALUES(96,'1','Главное сообщение',2,'[{"added": {"name": "\u041d\u0430\u043f\u0440\u0430\u0432\u043b\u0435\u043d\u0438\u044f \u0432\u043d\u0435\u0443\u0447\u0435\u0431\u043d\u043e\u0439 \u0434\u0435\u044f\u0442\u0435\u043b\u044c\u043d\u043e\u0441\u0442\u0438", "object": "\u0410\u0434\u044b\u0433\u0435\u0439\u0441\u043a\u043e\u0435 \u0437\u0435\u043c\u043b\u044f\u0447\u0435\u0441\u0442\u0432\u043e"}}]',10,2,'2024-07-29 11:32:48.349195');
INSERT INTO django_admin_log VALUES(97,'1','Главное сообщение',2,'[{"added": {"name": "\u041d\u0430\u043f\u0440\u0430\u0432\u043b\u0435\u043d\u0438\u044f \u0432\u043d\u0435\u0443\u0447\u0435\u0431\u043d\u043e\u0439 \u0434\u0435\u044f\u0442\u0435\u043b\u044c\u043d\u043e\u0441\u0442\u0438", "object": "\u0410\u0437\u0435\u0440\u0431\u0430\u0439\u0434\u0436\u0430\u043d\u0441\u043a\u043e\u0435 \u0437\u0435\u043c\u043b\u044f\u0447\u0435\u0441\u0442\u0432\u043e"}}]',10,2,'2024-07-29 11:34:19.604406');
INSERT INTO django_admin_log VALUES(98,'1','Главное сообщение',2,'[{"added": {"name": "\u041d\u0430\u043f\u0440\u0430\u0432\u043b\u0435\u043d\u0438\u044f \u0432\u043d\u0435\u0443\u0447\u0435\u0431\u043d\u043e\u0439 \u0434\u0435\u044f\u0442\u0435\u043b\u044c\u043d\u043e\u0441\u0442\u0438", "object": "\u0410\u0440\u0430\u0431\u0441\u043a\u043e\u0435 \u0437\u0435\u043c\u043b\u044f\u0447\u0435\u0441\u0442\u0432\u043e"}}]',10,2,'2024-07-29 11:35:43.824119');
INSERT INTO django_admin_log VALUES(99,'1','Главное сообщение',2,'[{"added": {"name": "\u041d\u0430\u043f\u0440\u0430\u0432\u043b\u0435\u043d\u0438\u044f \u0432\u043d\u0435\u0443\u0447\u0435\u0431\u043d\u043e\u0439 \u0434\u0435\u044f\u0442\u0435\u043b\u044c\u043d\u043e\u0441\u0442\u0438", "object": "\u0410\u0440\u043c\u044f\u043d\u0441\u043a\u043e\u0435 \u0437\u0435\u043c\u043b\u044f\u0447\u0435\u0441\u0442\u0432\u043e"}}]',10,2,'2024-07-29 11:47:08.729942');
INSERT INTO django_admin_log VALUES(100,'1','Главное сообщение',2,'[{"added": {"name": "\u041d\u0430\u043f\u0440\u0430\u0432\u043b\u0435\u043d\u0438\u044f \u0432\u043d\u0435\u0443\u0447\u0435\u0431\u043d\u043e\u0439 \u0434\u0435\u044f\u0442\u0435\u043b\u044c\u043d\u043e\u0441\u0442\u0438", "object": "\u0411\u0430\u0448\u043a\u0438\u0440\u0441\u043a\u043e\u0435 \u0437\u0435\u043c\u043b\u044f\u0447\u0435\u0441\u0442\u0432\u043e"}}]',10,2,'2024-07-29 11:53:51.705644');
INSERT INTO django_admin_log VALUES(101,'1','Главное сообщение',2,'[{"added": {"name": "\u041d\u0430\u043f\u0440\u0430\u0432\u043b\u0435\u043d\u0438\u044f \u0432\u043d\u0435\u0443\u0447\u0435\u0431\u043d\u043e\u0439 \u0434\u0435\u044f\u0442\u0435\u043b\u044c\u043d\u043e\u0441\u0442\u0438", "object": "\u0412\u044a\u0435\u0442\u043d\u0430\u043c\u0441\u043a\u043e\u0435 \u0437\u0435\u043c\u043b\u044f\u0447\u0435\u0441\u0442\u0432\u043e"}}]',10,2,'2024-07-29 11:57:41.138105');
INSERT INTO django_admin_log VALUES(102,'1','Главное сообщение',2,'[{"added": {"name": "\u041d\u0430\u043f\u0440\u0430\u0432\u043b\u0435\u043d\u0438\u044f \u0432\u043d\u0435\u0443\u0447\u0435\u0431\u043d\u043e\u0439 \u0434\u0435\u044f\u0442\u0435\u043b\u044c\u043d\u043e\u0441\u0442\u0438", "object": "\u0413\u0440\u0443\u0437\u0438\u043d\u0441\u043a\u043e\u0435 \u0437\u0435\u043c\u043b\u044f\u0447\u0435\u0441\u0442\u0432\u043e"}}]',10,2,'2024-07-29 11:58:30.197913');
INSERT INTO django_admin_log VALUES(103,'1','Главное сообщение',2,'[{"added": {"name": "\u041d\u0430\u043f\u0440\u0430\u0432\u043b\u0435\u043d\u0438\u044f \u0432\u043d\u0435\u0443\u0447\u0435\u0431\u043d\u043e\u0439 \u0434\u0435\u044f\u0442\u0435\u043b\u044c\u043d\u043e\u0441\u0442\u0438", "object": "\u0414\u0430\u0433\u0435\u0441\u0442\u0430\u043d\u0441\u043a\u043e\u0435 \u0437\u0435\u043c\u043b\u044f\u0447\u0435\u0441\u0442\u0432\u043e"}}]',10,2,'2024-07-29 12:00:16.861736');
INSERT INTO django_admin_log VALUES(104,'1','Главное сообщение',2,'[{"added": {"name": "\u041d\u0430\u043f\u0440\u0430\u0432\u043b\u0435\u043d\u0438\u044f \u0432\u043d\u0435\u0443\u0447\u0435\u0431\u043d\u043e\u0439 \u0434\u0435\u044f\u0442\u0435\u043b\u044c\u043d\u043e\u0441\u0442\u0438", "object": "\u0415\u0432\u0440\u0435\u0439\u0441\u043a\u043e\u0435 \u0437\u0435\u043c\u043b\u044f\u0447\u0435\u0441\u0442\u0432\u043e"}}]',10,2,'2024-07-29 12:01:08.190326');
INSERT INTO django_admin_log VALUES(105,'1','Главное сообщение',2,'[{"changed": {"name": "\u041a\u043d\u043e\u043f\u043a\u0438 \u0432\u043d\u0435\u0443\u0447\u0435\u0431\u043d\u043e\u0439 \u0434\u0435\u044f\u0442\u0435\u043b\u044c\u043d\u043e\u0441\u0442\u0438", "object": "\u0417\u0435\u043c\u043b\u044f\u0447\u0435\u0441\u0442\u0432\u043e", "fields": ["Message"]}}]',10,2,'2024-07-29 12:02:50.368730');
INSERT INTO django_admin_log VALUES(106,'1','Главное сообщение',2,'[{"changed": {"name": "\u041d\u0430\u043f\u0440\u0430\u0432\u043b\u0435\u043d\u0438\u044f \u0432\u043d\u0435\u0443\u0447\u0435\u0431\u043d\u043e\u0439 \u0434\u0435\u044f\u0442\u0435\u043b\u044c\u043d\u043e\u0441\u0442\u0438", "object": "\u0410\u0431\u0445\u0430\u0441\u043a\u043e\u0435 \u0437\u0435\u043c\u043b\u044f\u0447\u0435\u0441\u0442\u0432\u043e", "fields": ["Title"]}}, {"changed": {"name": "\u041d\u0430\u043f\u0440\u0430\u0432\u043b\u0435\u043d\u0438\u044f \u0432\u043d\u0435\u0443\u0447\u0435\u0431\u043d\u043e\u0439 \u0434\u0435\u044f\u0442\u0435\u043b\u044c\u043d\u043e\u0441\u0442\u0438", "object": "\u0410\u0434\u044b\u0433\u0435\u0439\u0441\u043a\u043e\u0435 \u0437\u0435\u043c\u043b\u044f\u0447\u0435\u0441\u0442\u0432\u043e", "fields": ["Title"]}}, {"changed": {"name": "\u041d\u0430\u043f\u0440\u0430\u0432\u043b\u0435\u043d\u0438\u044f \u0432\u043d\u0435\u0443\u0447\u0435\u0431\u043d\u043e\u0439 \u0434\u0435\u044f\u0442\u0435\u043b\u044c\u043d\u043e\u0441\u0442\u0438", "object": "\u0410\u0437\u0435\u0440\u0431\u0430\u0439\u0434\u0436\u0430\u043d\u0441\u043a\u043e\u0435 \u0437\u0435\u043c\u043b\u044f\u0447\u0435\u0441\u0442\u0432\u043e", "fields": ["Title"]}}, {"changed": {"name": "\u041d\u0430\u043f\u0440\u0430\u0432\u043b\u0435\u043d\u0438\u044f \u0432\u043d\u0435\u0443\u0447\u0435\u0431\u043d\u043e\u0439 \u0434\u0435\u044f\u0442\u0435\u043b\u044c\u043d\u043e\u0441\u0442\u0438", "object": "\u0410\u0440\u0430\u0431\u0441\u043a\u043e\u0435 \u0437\u0435\u043c\u043b\u044f\u0447\u0435\u0441\u0442\u0432\u043e", "fields": ["Title"]}}, {"changed": {"name": "\u041d\u0430\u043f\u0440\u0430\u0432\u043b\u0435\u043d\u0438\u044f \u0432\u043d\u0435\u0443\u0447\u0435\u0431\u043d\u043e\u0439 \u0434\u0435\u044f\u0442\u0435\u043b\u044c\u043d\u043e\u0441\u0442\u0438", "object": "\u0410\u0440\u043c\u044f\u043d\u0441\u043a\u043e\u0435 \u0437\u0435\u043c\u043b\u044f\u0447\u0435\u0441\u0442\u0432\u043e", "fields": ["Title"]}}, {"changed": {"name": "\u041d\u0430\u043f\u0440\u0430\u0432\u043b\u0435\u043d\u0438\u044f \u0432\u043d\u0435\u0443\u0447\u0435\u0431\u043d\u043e\u0439 \u0434\u0435\u044f\u0442\u0435\u043b\u044c\u043d\u043e\u0441\u0442\u0438", "object": "\u0411\u0430\u0448\u043a\u0438\u0440\u0441\u043a\u043e\u0435 \u0437\u0435\u043c\u043b\u044f\u0447\u0435\u0441\u0442\u0432\u043e", "fields": ["Title"]}}, {"changed": {"name": "\u041d\u0430\u043f\u0440\u0430\u0432\u043b\u0435\u043d\u0438\u044f \u0432\u043d\u0435\u0443\u0447\u0435\u0431\u043d\u043e\u0439 \u0434\u0435\u044f\u0442\u0435\u043b\u044c\u043d\u043e\u0441\u0442\u0438", "object": "\u0412\u044a\u0435\u0442\u043d\u0430\u043c\u0441\u043a\u043e\u0435 \u0437\u0435\u043c\u043b\u044f\u0447\u0435\u0441\u0442\u0432\u043e", "fields": ["Title"]}}, {"changed": {"name": "\u041d\u0430\u043f\u0440\u0430\u0432\u043b\u0435\u043d\u0438\u044f \u0432\u043d\u0435\u0443\u0447\u0435\u0431\u043d\u043e\u0439 \u0434\u0435\u044f\u0442\u0435\u043b\u044c\u043d\u043e\u0441\u0442\u0438", "object": "\u0413\u0440\u0443\u0437\u0438\u043d\u0441\u043a\u043e\u0435 \u0437\u0435\u043c\u043b\u044f\u0447\u0435\u0441\u0442\u0432\u043e", "fields": ["Title"]}}, {"changed": {"name": "\u041d\u0430\u043f\u0440\u0430\u0432\u043b\u0435\u043d\u0438\u044f \u0432\u043d\u0435\u0443\u0447\u0435\u0431\u043d\u043e\u0439 \u0434\u0435\u044f\u0442\u0435\u043b\u044c\u043d\u043e\u0441\u0442\u0438", "object": "\u0414\u0430\u0433\u0435\u0441\u0442\u0430\u043d\u0441\u043a\u043e\u0435 \u0437\u0435\u043c\u043b\u044f\u0447\u0435\u0441\u0442\u0432\u043e", "fields": ["Title"]}}, {"changed": {"name": "\u041d\u0430\u043f\u0440\u0430\u0432\u043b\u0435\u043d\u0438\u044f \u0432\u043d\u0435\u0443\u0447\u0435\u0431\u043d\u043e\u0439 \u0434\u0435\u044f\u0442\u0435\u043b\u044c\u043d\u043e\u0441\u0442\u0438", "object": "\u0415\u0432\u0440\u0435\u0439\u0441\u043a\u043e\u0435 \u0437\u0435\u043c\u043b\u044f\u0447\u0435\u0441\u0442\u0432\u043e", "fields": ["Title"]}}]',10,2,'2024-07-29 12:05:10.137604');
INSERT INTO django_admin_log VALUES(107,'1','Главное сообщение',2,'[{"added": {"name": "\u041d\u0430\u043f\u0440\u0430\u0432\u043b\u0435\u043d\u0438\u044f \u0432\u043d\u0435\u0443\u0447\u0435\u0431\u043d\u043e\u0439 \u0434\u0435\u044f\u0442\u0435\u043b\u044c\u043d\u043e\u0441\u0442\u0438", "object": "\u0418\u043d\u0433\u0443\u0448\u0435\u0442\u0438\u044f"}}]',10,2,'2024-07-29 12:06:35.288881');
INSERT INTO django_admin_log VALUES(108,'1','Главное сообщение',2,'[{"added": {"name": "\u041d\u0430\u043f\u0440\u0430\u0432\u043b\u0435\u043d\u0438\u044f \u0432\u043d\u0435\u0443\u0447\u0435\u0431\u043d\u043e\u0439 \u0434\u0435\u044f\u0442\u0435\u043b\u044c\u043d\u043e\u0441\u0442\u0438", "object": "\u041a\u0430\u0437\u0430\u0445\u0441\u0442\u0430\u043d"}}]',10,2,'2024-07-29 12:08:11.157723');
INSERT INTO django_admin_log VALUES(109,'1','Главное сообщение',2,'[{"added": {"name": "\u041d\u0430\u043f\u0440\u0430\u0432\u043b\u0435\u043d\u0438\u044f \u0432\u043d\u0435\u0443\u0447\u0435\u0431\u043d\u043e\u0439 \u0434\u0435\u044f\u0442\u0435\u043b\u044c\u043d\u043e\u0441\u0442\u0438", "object": "\u041a\u0430\u0440\u0430\u0447\u0430\u0435\u0432\u043e-\u0411\u0430\u043b\u043a\u0430\u0440\u0441\u043a\u043e\u0435"}}]',10,2,'2024-07-29 12:12:22.041411');
INSERT INTO django_admin_log VALUES(110,'1','Главное сообщение',2,'[{"changed": {"name": "\u041d\u0430\u043f\u0440\u0430\u0432\u043b\u0435\u043d\u0438\u044f \u0432\u043d\u0435\u0443\u0447\u0435\u0431\u043d\u043e\u0439 \u0434\u0435\u044f\u0442\u0435\u043b\u044c\u043d\u043e\u0441\u0442\u0438", "object": "\u041a\u0430\u0440\u0430\u0447\u0430\u0435\u0432\u043e-\u0411\u0430\u043b\u043a\u0430\u0440\u0441\u043a\u043e\u0435", "fields": ["Image"]}}]',10,2,'2024-07-29 12:13:05.662563');
INSERT INTO django_admin_log VALUES(111,'1','Главное сообщение',2,'[{"added": {"name": "\u041d\u0430\u043f\u0440\u0430\u0432\u043b\u0435\u043d\u0438\u044f \u0432\u043d\u0435\u0443\u0447\u0435\u0431\u043d\u043e\u0439 \u0434\u0435\u044f\u0442\u0435\u043b\u044c\u043d\u043e\u0441\u0442\u0438", "object": "\u0411\u0435\u043b\u043e\u0440\u0443\u0441\u0441\u043a\u043e\u0435"}}]',10,2,'2024-07-29 12:14:44.724737');
INSERT INTO django_admin_log VALUES(112,'1','Главное сообщение',2,'[{"changed": {"name": "\u041d\u0430\u043f\u0440\u0430\u0432\u043b\u0435\u043d\u0438\u044f \u0432\u043d\u0435\u0443\u0447\u0435\u0431\u043d\u043e\u0439 \u0434\u0435\u044f\u0442\u0435\u043b\u044c\u043d\u043e\u0441\u0442\u0438", "object": "\u0411\u0435\u043b\u043e\u0440\u0443\u0441\u0441\u043a\u043e\u0435", "fields": ["Image"]}}]',10,2,'2024-07-29 12:15:18.857570');
INSERT INTO django_admin_log VALUES(113,'1','Главное сообщение',2,'[{"added": {"name": "\u041d\u0430\u043f\u0440\u0430\u0432\u043b\u0435\u043d\u0438\u044f \u0432\u043d\u0435\u0443\u0447\u0435\u0431\u043d\u043e\u0439 \u0434\u0435\u044f\u0442\u0435\u043b\u044c\u043d\u043e\u0441\u0442\u0438", "object": "\u041a\u044b\u0440\u0433\u0438\u0437\u0438\u044f"}}]',10,2,'2024-07-29 12:16:15.356661');
INSERT INTO django_admin_log VALUES(114,'1','Главное сообщение',2,'[{"changed": {"name": "\u041d\u0430\u043f\u0440\u0430\u0432\u043b\u0435\u043d\u0438\u044f \u0432\u043d\u0435\u0443\u0447\u0435\u0431\u043d\u043e\u0439 \u0434\u0435\u044f\u0442\u0435\u043b\u044c\u043d\u043e\u0441\u0442\u0438", "object": "\u041a\u044b\u0440\u0433\u0438\u0437\u0438\u044f", "fields": ["Image"]}}]',10,2,'2024-07-29 12:16:52.596084');
INSERT INTO django_admin_log VALUES(115,'1','Главное сообщение',2,'[{"added": {"name": "\u041d\u0430\u043f\u0440\u0430\u0432\u043b\u0435\u043d\u0438\u044f \u0432\u043d\u0435\u0443\u0447\u0435\u0431\u043d\u043e\u0439 \u0434\u0435\u044f\u0442\u0435\u043b\u044c\u043d\u043e\u0441\u0442\u0438", "object": "\u041c\u043e\u043b\u0434\u0430\u0432\u0438\u044f"}}, {"changed": {"name": "\u041d\u0430\u043f\u0440\u0430\u0432\u043b\u0435\u043d\u0438\u044f \u0432\u043d\u0435\u0443\u0447\u0435\u0431\u043d\u043e\u0439 \u0434\u0435\u044f\u0442\u0435\u043b\u044c\u043d\u043e\u0441\u0442\u0438", "object": "\u0411\u0435\u043b\u043e\u0440\u0443\u0441\u0441\u043a\u043e\u0435", "fields": ["Title"]}}]',10,2,'2024-07-29 12:17:39.446965');
INSERT INTO django_admin_log VALUES(116,'1','Главное сообщение',2,'[{"changed": {"name": "\u041d\u0430\u043f\u0440\u0430\u0432\u043b\u0435\u043d\u0438\u044f \u0432\u043d\u0435\u0443\u0447\u0435\u0431\u043d\u043e\u0439 \u0434\u0435\u044f\u0442\u0435\u043b\u044c\u043d\u043e\u0441\u0442\u0438", "object": "\u041c\u043e\u043b\u0434\u0430\u0432\u0438\u044f", "fields": ["Image"]}}]',10,2,'2024-07-29 12:20:27.367854');
INSERT INTO django_admin_log VALUES(117,'1','Главное сообщение',2,'[{"changed": {"name": "\u041d\u0430\u043f\u0440\u0430\u0432\u043b\u0435\u043d\u0438\u044f \u0432\u043d\u0435\u0443\u0447\u0435\u0431\u043d\u043e\u0439 \u0434\u0435\u044f\u0442\u0435\u043b\u044c\u043d\u043e\u0441\u0442\u0438", "object": "\u0412\u044a\u0435\u0442\u043d\u0430\u043c", "fields": ["Title"]}}]',10,2,'2024-07-29 15:29:43.020182');
INSERT INTO django_admin_log VALUES(118,'1','Главное сообщение',2,'[{"added": {"name": "\u041d\u0430\u043f\u0440\u0430\u0432\u043b\u0435\u043d\u0438\u044f \u0432\u043d\u0435\u0443\u0447\u0435\u0431\u043d\u043e\u0439 \u0434\u0435\u044f\u0442\u0435\u043b\u044c\u043d\u043e\u0441\u0442\u0438", "object": "\u041d\u043e\u0433\u0430\u0439"}}]',10,2,'2024-07-29 15:30:57.054637');
INSERT INTO django_admin_log VALUES(119,'1','Главное сообщение',2,'[{"changed": {"name": "\u041d\u0430\u043f\u0440\u0430\u0432\u043b\u0435\u043d\u0438\u044f \u0432\u043d\u0435\u0443\u0447\u0435\u0431\u043d\u043e\u0439 \u0434\u0435\u044f\u0442\u0435\u043b\u044c\u043d\u043e\u0441\u0442\u0438", "object": "\u041d\u043e\u0433\u0430\u0439", "fields": ["Image"]}}]',10,2,'2024-07-29 15:31:17.786207');
INSERT INTO django_admin_log VALUES(120,'1','Главное сообщение',2,'[{"added": {"name": "\u041d\u0430\u043f\u0440\u0430\u0432\u043b\u0435\u043d\u0438\u044f \u0432\u043d\u0435\u0443\u0447\u0435\u0431\u043d\u043e\u0439 \u0434\u0435\u044f\u0442\u0435\u043b\u044c\u043d\u043e\u0441\u0442\u0438", "object": "\u041e\u0441\u0435\u0442\u0438\u044f"}}]',10,2,'2024-07-29 15:32:16.519068');
INSERT INTO django_admin_log VALUES(121,'1','Главное сообщение',2,'[{"added": {"name": "\u041d\u0430\u043f\u0440\u0430\u0432\u043b\u0435\u043d\u0438\u044f \u0432\u043d\u0435\u0443\u0447\u0435\u0431\u043d\u043e\u0439 \u0434\u0435\u044f\u0442\u0435\u043b\u044c\u043d\u043e\u0441\u0442\u0438", "object": "\u0422\u0430\u0434\u0436\u0438\u043a\u0438\u0441\u0442\u0430\u043d"}}, {"changed": {"name": "\u041d\u0430\u043f\u0440\u0430\u0432\u043b\u0435\u043d\u0438\u044f \u0432\u043d\u0435\u0443\u0447\u0435\u0431\u043d\u043e\u0439 \u0434\u0435\u044f\u0442\u0435\u043b\u044c\u043d\u043e\u0441\u0442\u0438", "object": "\u041e\u0441\u0435\u0442\u0438\u044f", "fields": ["Image"]}}]',10,2,'2024-07-29 15:33:26.705650');
INSERT INTO django_admin_log VALUES(122,'1','Главное сообщение',2,'[{"added": {"name": "\u041d\u0430\u043f\u0440\u0430\u0432\u043b\u0435\u043d\u0438\u044f \u0432\u043d\u0435\u0443\u0447\u0435\u0431\u043d\u043e\u0439 \u0434\u0435\u044f\u0442\u0435\u043b\u044c\u043d\u043e\u0441\u0442\u0438", "object": "\u0422\u0430\u0442\u0430\u0440\u0441\u0442\u0430\u043d"}}]',10,2,'2024-07-29 15:34:58.314808');
INSERT INTO django_admin_log VALUES(123,'1','Главное сообщение',2,'[{"added": {"name": "\u041d\u0430\u043f\u0440\u0430\u0432\u043b\u0435\u043d\u0438\u044f \u0432\u043d\u0435\u0443\u0447\u0435\u0431\u043d\u043e\u0439 \u0434\u0435\u044f\u0442\u0435\u043b\u044c\u043d\u043e\u0441\u0442\u0438", "object": "\u0422\u0443\u0440\u043a\u043c\u0435\u043d\u0438\u0441\u0442\u0430\u043d"}}]',10,2,'2024-07-29 15:36:23.781269');
INSERT INTO django_admin_log VALUES(124,'1','Главное сообщение',2,'[{"added": {"name": "\u041d\u0430\u043f\u0440\u0430\u0432\u043b\u0435\u043d\u0438\u044f \u0432\u043d\u0435\u0443\u0447\u0435\u0431\u043d\u043e\u0439 \u0434\u0435\u044f\u0442\u0435\u043b\u044c\u043d\u043e\u0441\u0442\u0438", "object": "\u0423\u0437\u0431\u0435\u043a\u0438\u0441\u0442\u0430\u043d"}}]',10,2,'2024-07-29 15:37:57.346807');
INSERT INTO django_admin_log VALUES(125,'1','Главное сообщение',2,'[{"added": {"name": "\u041d\u0430\u043f\u0440\u0430\u0432\u043b\u0435\u043d\u0438\u044f \u0432\u043d\u0435\u0443\u0447\u0435\u0431\u043d\u043e\u0439 \u0434\u0435\u044f\u0442\u0435\u043b\u044c\u043d\u043e\u0441\u0442\u0438", "object": "\u0427\u0435\u0447\u043d\u044f"}}]',10,2,'2024-07-29 15:39:31.390223');
INSERT INTO django_admin_log VALUES(126,'1','Главное сообщение',2,'[{"changed": {"name": "\u041a\u043d\u043e\u043f\u043a\u0438 \u0432\u043d\u0435\u0443\u0447\u0435\u0431\u043d\u043e\u0439 \u0434\u0435\u044f\u0442\u0435\u043b\u044c\u043d\u043e\u0441\u0442\u0438", "object": "\u0417\u0435\u043c\u043b\u044f\u0447\u0435\u0441\u0442\u0432\u043e", "fields": ["Message"]}}]',10,2,'2024-07-29 15:40:38.336835');
INSERT INTO django_admin_log VALUES(127,'1','Главное сообщение',2,'[{"changed": {"name": "\u041d\u0430\u043f\u0440\u0430\u0432\u043b\u0435\u043d\u0438\u044f \u0432\u043d\u0435\u0443\u0447\u0435\u0431\u043d\u043e\u0439 \u0434\u0435\u044f\u0442\u0435\u043b\u044c\u043d\u043e\u0441\u0442\u0438", "object": "\u0414\u0430\u0433\u0435\u0441\u0442\u0430\u043d", "fields": ["Image"]}}]',10,2,'2024-07-29 18:12:33.693908');
INSERT INTO django_admin_log VALUES(128,'1','Главное сообщение',2,'[{"changed": {"fields": ["Image"]}}]',20,1,'2024-07-30 07:32:36.015389');
INSERT INTO django_admin_log VALUES(129,'1','Главное сообщение',2,'[{"changed": {"fields": ["Message", "Image"]}}]',20,2,'2024-07-30 07:36:27.292237');
INSERT INTO django_admin_log VALUES(130,'1','Главное сообщение',2,'[{"added": {"name": "\u041a\u043d\u043e\u043f\u043a\u0438 \u043a \u0441\u043e\u043e\u0431\u0449\u0435\u043d\u0438\u044e \u043e\u043d\u043b\u0430\u0439\u043d \u0441\u0442\u0430\u0440\u043e\u0441\u0442\u044b --- \u0422\u0435\u043c\u044b", "object": "\u041f\u0440\u0438\u0435\u043c\u043d\u044b\u0435 \u0447\u0430\u0441\u044b \u0434\u0435\u043a\u0430\u043d\u0430\u0442\u0430"}}]',20,2,'2024-07-30 07:38:38.897411');
INSERT INTO django_admin_log VALUES(131,'1','Главное сообщение',2,'[{"added": {"name": "\u041a\u043d\u043e\u043f\u043a\u0438 \u043a \u041f\u043e\u0434\u0442\u0435\u043c\u0430\u043c", "object": "\u041b\u0435\u0447\u0435\u0431\u043d\u044b\u0439 \u0444\u0430\u043a\u0443\u043b\u044c\u0442\u0435\u0442"}}]',20,2,'2024-07-30 07:40:13.852601');
INSERT INTO django_admin_log VALUES(132,'1','Главное сообщение',2,'[{"added": {"name": "\u041a\u043d\u043e\u043f\u043a\u0438 \u043a \u041f\u043e\u0434\u0442\u0435\u043c\u0430\u043c", "object": "1 \u043a\u0443\u0440\u0441"}}]',20,2,'2024-07-30 07:43:17.569850');
INSERT INTO django_admin_log VALUES(133,'1','Главное сообщение',2,'[{"deleted": {"name": "\u041a\u043d\u043e\u043f\u043a\u0438 \u043a \u041f\u043e\u0434\u0442\u0435\u043c\u0430\u043c", "object": "1 \u043a\u0443\u0440\u0441"}}]',20,2,'2024-07-30 07:44:04.044840');
INSERT INTO django_admin_log VALUES(134,'1','Главное сообщение',2,'[{"changed": {"name": "\u041a\u043d\u043e\u043f\u043a\u0438 \u043a \u041f\u043e\u0434\u0442\u0435\u043c\u0430\u043c", "object": "\u041b\u0435\u0447\u0435\u0431\u043d\u044b\u0439 \u0444\u0430\u043a\u0443\u043b\u044c\u0442\u0435\u0442", "fields": ["Message"]}}]',20,2,'2024-07-30 07:49:01.543546');
INSERT INTO django_admin_log VALUES(135,'1','Главное сообщение',2,'[{"changed": {"name": "\u041a\u043d\u043e\u043f\u043a\u0438 \u0432\u043d\u0435\u0443\u0447\u0435\u0431\u043d\u043e\u0439 \u0434\u0435\u044f\u0442\u0435\u043b\u044c\u043d\u043e\u0441\u0442\u0438", "object": "4", "fields": ["Title", "Message", "Image"]}}]',10,2,'2024-07-30 07:58:46.245829');
INSERT INTO django_admin_log VALUES(136,'1','Главное сообщение',2,'[{"changed": {"name": "\u041a\u043d\u043e\u043f\u043a\u0438 \u0432\u043d\u0435\u0443\u0447\u0435\u0431\u043d\u043e\u0439 \u0434\u0435\u044f\u0442\u0435\u043b\u044c\u043d\u043e\u0441\u0442\u0438", "object": "\u0422\u044c\u044e\u0442\u043e\u0440\u0441\u0442\u0432\u043e", "fields": ["Image"]}}, {"added": {"name": "\u041d\u0430\u043f\u0440\u0430\u0432\u043b\u0435\u043d\u0438\u044f \u0432\u043d\u0435\u0443\u0447\u0435\u0431\u043d\u043e\u0439 \u0434\u0435\u044f\u0442\u0435\u043b\u044c\u043d\u043e\u0441\u0442\u0438", "object": "\u0425\u043e\u0447\u0443 \u0441\u0442\u0430\u0442\u044c \u0442\u044c\u044e\u0442\u043e\u0440\u043e\u043c!"}}]',10,2,'2024-07-30 08:01:05.364736');
INSERT INTO django_admin_log VALUES(137,'1','Главное сообщение',2,'[{"changed": {"name": "\u041a\u043d\u043e\u043f\u043a\u0438 \u0432\u043d\u0435\u0443\u0447\u0435\u0431\u043d\u043e\u0439 \u0434\u0435\u044f\u0442\u0435\u043b\u044c\u043d\u043e\u0441\u0442\u0438", "object": "\u0422\u044c\u044e\u0442\u043e\u0440\u0441\u0442\u0432\u043e", "fields": ["Image"]}}]',10,2,'2024-07-30 08:02:53.228625');
INSERT INTO django_admin_log VALUES(138,'1','Главное сообщение',2,'[{"changed": {"name": "\u041a\u043d\u043e\u043f\u043a\u0438 \u0432\u043d\u0435\u0443\u0447\u0435\u0431\u043d\u043e\u0439 \u0434\u0435\u044f\u0442\u0435\u043b\u044c\u043d\u043e\u0441\u0442\u0438", "object": "\u0422\u044c\u044e\u0442\u043e\u0440\u0441\u0442\u0432\u043e", "fields": ["Message"]}}]',10,1,'2024-07-30 08:26:20.875733');
INSERT INTO django_admin_log VALUES(139,'1','Главное сообщение',2,'[{"changed": {"name": "\u041a\u043d\u043e\u043f\u043a\u0438 \u0432\u043d\u0435\u0443\u0447\u0435\u0431\u043d\u043e\u0439 \u0434\u0435\u044f\u0442\u0435\u043b\u044c\u043d\u043e\u0441\u0442\u0438", "object": "\u0422\u044c\u044e\u0442\u043e\u0440\u0441\u0442\u0432\u043e", "fields": ["Image"]}}]',10,2,'2024-07-30 08:28:21.389708');
INSERT INTO django_admin_log VALUES(140,'1','Главное сообщение',2,'[{"changed": {"name": "\u041a\u043d\u043e\u043f\u043a\u0438 \u0432\u043d\u0435\u0443\u0447\u0435\u0431\u043d\u043e\u0439 \u0434\u0435\u044f\u0442\u0435\u043b\u044c\u043d\u043e\u0441\u0442\u0438", "object": "\u0422\u044c\u044e\u0442\u043e\u0440\u0441\u0442\u0432\u043e", "fields": ["Message"]}}]',10,2,'2024-07-30 08:29:44.463969');
INSERT INTO django_admin_log VALUES(141,'1','Главное сообщение',2,'[{"added": {"name": "\u041d\u0430\u043f\u0440\u0430\u0432\u043b\u0435\u043d\u0438\u044f \u0432\u043d\u0435\u0443\u0447\u0435\u0431\u043d\u043e\u0439 \u0434\u0435\u044f\u0442\u0435\u043b\u044c\u043d\u043e\u0441\u0442\u0438", "object": "\u041d\u0430\u043f\u0440\u0430\u0432\u043b\u0435\u043d\u0438\u044f \u0442\u044c\u044e\u0442\u043e\u0440\u0441\u0442\u0432\u0430"}}]',10,2,'2024-07-30 08:31:53.733617');
INSERT INTO django_admin_log VALUES(142,'1','Главное сообщение',2,'[{"changed": {"name": "\u041a\u043d\u043e\u043f\u043a\u0438 \u043a \u041f\u043e\u0434\u0442\u0435\u043c\u0430\u043c", "object": "\u041b\u0435\u0447\u0435\u0431\u043d\u044b\u0439 \u0444\u0430\u043a\u0443\u043b\u044c\u0442\u0435\u0442", "fields": ["Message"]}}]',20,2,'2024-07-30 08:33:35.307079');
INSERT INTO django_admin_log VALUES(143,'1','Главное сообщение',2,'[{"changed": {"name": "\u041a\u043d\u043e\u043f\u043a\u0438 \u0432\u043d\u0435\u0443\u0447\u0435\u0431\u043d\u043e\u0439 \u0434\u0435\u044f\u0442\u0435\u043b\u044c\u043d\u043e\u0441\u0442\u0438", "object": "\u0421\u043f\u043e\u0440\u0442\u043a\u043b\u0443\u0431", "fields": ["Message"]}}]',10,2,'2024-07-30 08:36:52.842943');
INSERT INTO django_admin_log VALUES(144,'1','Главное сообщение',2,'[{"changed": {"name": "\u041a\u043d\u043e\u043f\u043a\u0438 \u0432\u043d\u0435\u0443\u0447\u0435\u0431\u043d\u043e\u0439 \u0434\u0435\u044f\u0442\u0435\u043b\u044c\u043d\u043e\u0441\u0442\u0438", "object": "\u0421\u043f\u043e\u0440\u0442\u043a\u043b\u0443\u0431", "fields": ["Image"]}}]',10,2,'2024-07-30 08:39:15.154731');
INSERT INTO django_admin_log VALUES(145,'1','Главное сообщение',2,'[{"changed": {"name": "\u041d\u0430\u043f\u0440\u0430\u0432\u043b\u0435\u043d\u0438\u044f \u0432\u043d\u0435\u0443\u0447\u0435\u0431\u043d\u043e\u0439 \u0434\u0435\u044f\u0442\u0435\u043b\u044c\u043d\u043e\u0441\u0442\u0438", "object": "\u0424\u0443\u0442\u0431\u043e\u043b", "fields": ["Title", "Message", "Image", "Link"]}}, {"deleted": {"name": "\u041f\u043e\u0434\u0440\u0430\u0437\u0434\u0435\u043b\u0435\u043d\u0438\u044f \u0443 \u041d\u0430\u043f\u0440\u0430\u0432\u043b\u0435\u043d\u0438\u044f", "object": "\u0416\u0435\u043d\u0441\u043a\u0430\u044f \u0441\u0431\u043e\u0440\u043d\u0430\u044f"}}, {"deleted": {"name": "\u041f\u043e\u0434\u0440\u0430\u0437\u0434\u0435\u043b\u0435\u043d\u0438\u044f \u0443 \u041d\u0430\u043f\u0440\u0430\u0432\u043b\u0435\u043d\u0438\u044f", "object": "\u041c\u0443\u0436\u0441\u043a\u0430\u044f \u0441\u0431\u043e\u0440\u043d\u0430\u044f"}}]',10,2,'2024-07-30 08:41:15.697276');
INSERT INTO django_admin_log VALUES(146,'1','Главное сообщение',2,'[{"changed": {"name": "\u041d\u0430\u043f\u0440\u0430\u0432\u043b\u0435\u043d\u0438\u044f \u0432\u043d\u0435\u0443\u0447\u0435\u0431\u043d\u043e\u0439 \u0434\u0435\u044f\u0442\u0435\u043b\u044c\u043d\u043e\u0441\u0442\u0438", "object": "\u041a\u0438\u0431\u0435\u0440\u043a\u043b\u0443\u0431", "fields": ["Message", "Image"]}}, {"changed": {"name": "\u041d\u0430\u043f\u0440\u0430\u0432\u043b\u0435\u043d\u0438\u044f \u0432\u043d\u0435\u0443\u0447\u0435\u0431\u043d\u043e\u0439 \u0434\u0435\u044f\u0442\u0435\u043b\u044c\u043d\u043e\u0441\u0442\u0438", "object": "\u041c\u0438\u043d\u0438-\u0444\u0443\u0442\u0431\u043e\u043b", "fields": ["Image"]}}]',10,2,'2024-07-30 08:46:33.683146');
INSERT INTO django_admin_log VALUES(147,'1','Главное сообщение',2,'[{"changed": {"name": "\u041f\u043e\u0434\u0440\u0430\u0437\u0434\u0435\u043b\u0435\u043d\u0438\u044f \u0443 \u041d\u0430\u043f\u0440\u0430\u0432\u043b\u0435\u043d\u0438\u044f", "object": "\u041a\u0421 \u0413\u041e\u04232", "fields": ["Title", "Message", "Link"]}}]',10,2,'2024-07-30 08:51:41.230144');
INSERT INTO django_admin_log VALUES(148,'1','Главное сообщение',2,'[{"changed": {"fields": ["Message"]}}]',20,2,'2024-07-30 20:25:21.512205');
INSERT INTO django_admin_log VALUES(149,'1','Главное сообщение',2,'[{"changed": {"name": "\u041d\u0430\u043f\u0440\u0430\u0432\u043b\u0435\u043d\u0438\u044f \u0432\u043d\u0435\u0443\u0447\u0435\u0431\u043d\u043e\u0439 \u0434\u0435\u044f\u0442\u0435\u043b\u044c\u043d\u043e\u0441\u0442\u0438", "object": "\u041a\u0438\u0431\u0435\u0440\u043a\u043b\u0443\u0431", "fields": ["Message"]}}]',10,2,'2024-07-30 20:27:52.829863');
INSERT INTO django_admin_log VALUES(150,'1','Главное сообщение',2,'[{"changed": {"name": "\u041d\u0430\u043f\u0440\u0430\u0432\u043b\u0435\u043d\u0438\u044f \u0432\u043d\u0435\u0443\u0447\u0435\u0431\u043d\u043e\u0439 \u0434\u0435\u044f\u0442\u0435\u043b\u044c\u043d\u043e\u0441\u0442\u0438", "object": "\u041a\u0438\u0431\u0435\u0440\u043a\u043b\u0443\u0431", "fields": ["Message"]}}]',10,2,'2024-07-30 20:29:26.899621');
INSERT INTO django_admin_log VALUES(151,'1','Главное сообщение',2,'[{"changed": {"name": "\u041f\u043e\u0434\u0440\u0430\u0437\u0434\u0435\u043b\u0435\u043d\u0438\u044f \u0443 \u041d\u0430\u043f\u0440\u0430\u0432\u043b\u0435\u043d\u0438\u044f", "object": "Counter-Strike 2", "fields": ["Title", "Message"]}}, {"changed": {"name": "\u041f\u043e\u0434\u0440\u0430\u0437\u0434\u0435\u043b\u0435\u043d\u0438\u044f \u0443 \u041d\u0430\u043f\u0440\u0430\u0432\u043b\u0435\u043d\u0438\u044f", "object": "\u041b\u0438\u0433\u0430\u041b\u0435\u0433\u0435\u043d\u0434", "fields": ["Title", "Message"]}}]',10,2,'2024-08-05 09:01:36.865594');
INSERT INTO django_admin_log VALUES(152,'1','Главное сообщение',2,'[{"changed": {"name": "\u041f\u043e\u0434\u0440\u0430\u0437\u0434\u0435\u043b\u0435\u043d\u0438\u044f \u0443 \u041d\u0430\u043f\u0440\u0430\u0432\u043b\u0435\u043d\u0438\u044f", "object": "\u0412\u0430\u043b\u043e\u0440\u0430\u043d\u0442", "fields": ["Title", "Message", "Image"]}}]',10,2,'2024-08-05 09:03:39.034620');
INSERT INTO django_admin_log VALUES(153,'1','Главное сообщение',2,'[{"changed": {"name": "\u041f\u043e\u0434\u0440\u0430\u0437\u0434\u0435\u043b\u0435\u043d\u0438\u044f \u0443 \u041d\u0430\u043f\u0440\u0430\u0432\u043b\u0435\u043d\u0438\u044f", "object": "Valorant", "fields": ["Title"]}}]',10,2,'2024-08-05 09:04:01.086231');
INSERT INTO django_admin_log VALUES(154,'1','Главное сообщение',2,'[{"changed": {"name": "\u041f\u043e\u0434\u0440\u0430\u0437\u0434\u0435\u043b\u0435\u043d\u0438\u044f \u0443 \u041d\u0430\u043f\u0440\u0430\u0432\u043b\u0435\u043d\u0438\u044f", "object": "\u0414\u043e\u0442\u04302", "fields": ["Link"]}}, {"changed": {"name": "\u041f\u043e\u0434\u0440\u0430\u0437\u0434\u0435\u043b\u0435\u043d\u0438\u044f \u0443 \u041d\u0430\u043f\u0440\u0430\u0432\u043b\u0435\u043d\u0438\u044f", "object": "\u0421\u0435\u043a\u0446\u0438\u044f League of legends.", "fields": ["Link"]}}, {"changed": {"name": "\u041f\u043e\u0434\u0440\u0430\u0437\u0434\u0435\u043b\u0435\u043d\u0438\u044f \u0443 \u041d\u0430\u043f\u0440\u0430\u0432\u043b\u0435\u043d\u0438\u044f", "object": "\u0421\u0435\u043a\u0446\u0438\u044f Valorant", "fields": ["Link"]}}]',10,2,'2024-08-05 09:04:32.803943');
INSERT INTO django_admin_log VALUES(155,'1','Главное сообщение',2,'[{"added": {"name": "\u041f\u043e\u0434\u0440\u0430\u0437\u0434\u0435\u043b\u0435\u043d\u0438\u044f \u0443 \u041d\u0430\u043f\u0440\u0430\u0432\u043b\u0435\u043d\u0438\u044f", "object": "\u0421\u0435\u043a\u0446\u0438\u044f Apex Legends"}}]',10,2,'2024-08-05 09:06:12.222247');
INSERT INTO django_admin_log VALUES(156,'1','Главное сообщение',2,'[{"changed": {"name": "\u041f\u043e\u0434\u0440\u0430\u0437\u0434\u0435\u043b\u0435\u043d\u0438\u044f \u0443 \u041d\u0430\u043f\u0440\u0430\u0432\u043b\u0435\u043d\u0438\u044f", "object": "\u0421\u0435\u043a\u0446\u0438\u044f Counter-Strike 2", "fields": ["Image"]}}]',10,2,'2024-08-05 09:07:01.516959');
INSERT INTO django_admin_log VALUES(157,'1','Главное сообщение',2,'[{"added": {"name": "\u041f\u043e\u0434\u0440\u0430\u0437\u0434\u0435\u043b\u0435\u043d\u0438\u044f \u0443 \u041d\u0430\u043f\u0440\u0430\u0432\u043b\u0435\u043d\u0438\u044f", "object": "\u0421\u0435\u043a\u0446\u0438\u044f Rainbow Six Siege."}}]',10,2,'2024-08-05 09:08:23.648449');
INSERT INTO django_admin_log VALUES(158,'1','Главное сообщение',2,'[{"changed": {"name": "\u041d\u0430\u043f\u0440\u0430\u0432\u043b\u0435\u043d\u0438\u044f \u0432\u043d\u0435\u0443\u0447\u0435\u0431\u043d\u043e\u0439 \u0434\u0435\u044f\u0442\u0435\u043b\u044c\u043d\u043e\u0441\u0442\u0438", "object": "\u041a\u0438\u0431\u0435\u0440\u043a\u043b\u0443\u0431", "fields": ["Title"]}}, {"added": {"name": "\u041f\u043e\u0434\u0440\u0430\u0437\u0434\u0435\u043b\u0435\u043d\u0438\u044f \u0443 \u041d\u0430\u043f\u0440\u0430\u0432\u043b\u0435\u043d\u0438\u044f", "object": "\u0421\u0435\u043a\u0446\u0438\u044f Hearthstone."}}, {"changed": {"name": "\u041f\u043e\u0434\u0440\u0430\u0437\u0434\u0435\u043b\u0435\u043d\u0438\u044f \u0443 \u041d\u0430\u043f\u0440\u0430\u0432\u043b\u0435\u043d\u0438\u044f", "object": "\u0421\u0435\u043a\u0446\u0438\u044f Counter-Strike 2", "fields": ["Title"]}}, {"changed": {"name": "\u041f\u043e\u0434\u0440\u0430\u0437\u0434\u0435\u043b\u0435\u043d\u0438\u044f \u0443 \u041d\u0430\u043f\u0440\u0430\u0432\u043b\u0435\u043d\u0438\u044f", "object": "\u0421\u0435\u043a\u0446\u0438\u044f Valorant", "fields": ["Title"]}}, {"changed": {"name": "\u041f\u043e\u0434\u0440\u0430\u0437\u0434\u0435\u043b\u0435\u043d\u0438\u044f \u0443 \u041d\u0430\u043f\u0440\u0430\u0432\u043b\u0435\u043d\u0438\u044f", "object": "\u0421\u0435\u043a\u0446\u0438\u044f Apex Legends", "fields": ["Title"]}}]',10,2,'2024-08-05 09:10:48.604620');
INSERT INTO django_admin_log VALUES(159,'1','Главное сообщение',2,'[{"changed": {"name": "\u041a\u043d\u043e\u043f\u043a\u0438 \u0432\u043d\u0435\u0443\u0447\u0435\u0431\u043d\u043e\u0439 \u0434\u0435\u044f\u0442\u0435\u043b\u044c\u043d\u043e\u0441\u0442\u0438", "object": "5", "fields": ["Title", "Message", "Image"]}}]',10,2,'2024-08-05 09:14:52.204918');
INSERT INTO django_admin_log VALUES(160,'1','Главное сообщение',2,'[{"added": {"name": "\u041d\u0430\u043f\u0440\u0430\u0432\u043b\u0435\u043d\u0438\u044f \u0432\u043d\u0435\u0443\u0447\u0435\u0431\u043d\u043e\u0439 \u0434\u0435\u044f\u0442\u0435\u043b\u044c\u043d\u043e\u0441\u0442\u0438", "object": "\u041a\u0442\u043e \u043c\u043e\u0436\u0435\u0442 \u0441\u0442\u0430\u0442\u044c \u0434\u043e\u043d\u043e\u0440\u043e\u043c?"}}]',10,2,'2024-08-05 09:16:25.576525');
INSERT INTO django_admin_log VALUES(161,'1','Главное сообщение',2,'[{"added": {"name": "\u041d\u0430\u043f\u0440\u0430\u0432\u043b\u0435\u043d\u0438\u044f \u0432\u043d\u0435\u0443\u0447\u0435\u0431\u043d\u043e\u0439 \u0434\u0435\u044f\u0442\u0435\u043b\u044c\u043d\u043e\u0441\u0442\u0438", "object": "\u041f\u0440\u043e\u0442\u0438\u0432\u043e\u043f\u043e\u043a\u0430\u0437\u0430\u043d\u0438\u044f"}}]',10,2,'2024-08-05 09:23:19.109398');
INSERT INTO django_admin_log VALUES(162,'1','Главное сообщение',2,'[{"added": {"name": "\u041d\u0430\u043f\u0440\u0430\u0432\u043b\u0435\u043d\u0438\u044f \u0432\u043d\u0435\u0443\u0447\u0435\u0431\u043d\u043e\u0439 \u0434\u0435\u044f\u0442\u0435\u043b\u044c\u043d\u043e\u0441\u0442\u0438", "object": "\u0427\u0442\u043e \u0435\u0449\u0435 \u043c\u043e\u0436\u043d\u043e \u0441\u0434\u0430\u0442\u044c \u043a\u0440\u043e\u043c\u0435 \u0446\u0435\u043b\u044c\u043d\u043e\u0439 \u043a\u0440\u043e\u0432\u0438?"}}]',10,2,'2024-08-05 09:29:51.274479');
INSERT INTO django_admin_log VALUES(163,'1','Главное сообщение',2,'[{"added": {"name": "\u041d\u0430\u043f\u0440\u0430\u0432\u043b\u0435\u043d\u0438\u044f \u0432\u043d\u0435\u0443\u0447\u0435\u0431\u043d\u043e\u0439 \u0434\u0435\u044f\u0442\u0435\u043b\u044c\u043d\u043e\u0441\u0442\u0438", "object": "\u0414\u043e\u043d\u043e\u0440\u0441\u0442\u0432\u043e \u043a\u043e\u0441\u0442\u043d\u043e\u0433\u043e \u043c\u043e\u0437\u0433\u0430"}}]',10,2,'2024-08-05 09:32:09.070622');
INSERT INTO django_admin_log VALUES(164,'1','Главное сообщение',2,'[{"added": {"name": "\u041d\u0430\u043f\u0440\u0430\u0432\u043b\u0435\u043d\u0438\u044f \u0432\u043d\u0435\u0443\u0447\u0435\u0431\u043d\u043e\u0439 \u0434\u0435\u044f\u0442\u0435\u043b\u044c\u043d\u043e\u0441\u0442\u0438", "object": "\u0414\u0440\u0435\u0441\u0441-\u043a\u043e\u0434"}}]',10,2,'2024-08-05 09:33:17.681889');
INSERT INTO django_admin_log VALUES(165,'1','Главное сообщение',2,'[{"added": {"name": "\u041d\u0430\u043f\u0440\u0430\u0432\u043b\u0435\u043d\u0438\u044f \u0432\u043d\u0435\u0443\u0447\u0435\u0431\u043d\u043e\u0439 \u0434\u0435\u044f\u0442\u0435\u043b\u044c\u043d\u043e\u0441\u0442\u0438", "object": "\u041f\u043e\u0441\u043b\u0435 \u0434\u043e\u043d\u0430\u0446\u0438\u0438"}}]',10,2,'2024-08-05 09:35:18.535541');
INSERT INTO django_admin_log VALUES(166,'1','Главное сообщение',2,'[{"added": {"name": "\u041d\u0430\u043f\u0440\u0430\u0432\u043b\u0435\u043d\u0438\u044f \u0432\u043d\u0435\u0443\u0447\u0435\u0431\u043d\u043e\u0439 \u0434\u0435\u044f\u0442\u0435\u043b\u044c\u043d\u043e\u0441\u0442\u0438", "object": "\u041b\u0438\u0447\u043d\u044b\u0439 \u043a\u0430\u0431\u0438\u043d\u0435\u0442 \u0434\u043e\u043d\u043e\u0440\u0430"}}]',10,2,'2024-08-05 09:37:28.230979');
INSERT INTO django_admin_log VALUES(167,'1','Главное сообщение',2,'[{"added": {"name": "\u041d\u0430\u043f\u0440\u0430\u0432\u043b\u0435\u043d\u0438\u044f \u0432\u043d\u0435\u0443\u0447\u0435\u0431\u043d\u043e\u0439 \u0434\u0435\u044f\u0442\u0435\u043b\u044c\u043d\u043e\u0441\u0442\u0438", "object": "FAQ"}}]',10,2,'2024-08-05 09:40:14.332610');
INSERT INTO django_admin_log VALUES(168,'1','Главное сообщение',2,'[{"added": {"name": "\u041f\u043e\u0434\u0440\u0430\u0437\u0434\u0435\u043b\u0435\u043d\u0438\u044f \u0443 \u041d\u0430\u043f\u0440\u0430\u0432\u043b\u0435\u043d\u0438\u044f", "object": "\u0413\u0440\u0430\u043d\u0443\u043b\u043e\u0446\u0438\u0442\u044b"}}]',10,2,'2024-08-05 09:42:02.365471');
INSERT INTO django_admin_log VALUES(169,'1','Главное сообщение',2,'[{"added": {"name": "\u041f\u043e\u0434\u0440\u0430\u0437\u0434\u0435\u043b\u0435\u043d\u0438\u044f \u0443 \u041d\u0430\u043f\u0440\u0430\u0432\u043b\u0435\u043d\u0438\u044f", "object": "\u0422\u0440\u043e\u043c\u0431\u043e\u0446\u0438\u0442\u044b \u0438 \u043f\u043b\u0430\u0437\u043c\u0430:"}}]',10,2,'2024-08-05 09:44:00.364976');
INSERT INTO django_admin_log VALUES(170,'1','Главное сообщение',2,'[{"changed": {"name": "\u041f\u043e\u0434\u0440\u0430\u0437\u0434\u0435\u043b\u0435\u043d\u0438\u044f \u0443 \u041d\u0430\u043f\u0440\u0430\u0432\u043b\u0435\u043d\u0438\u044f", "object": "\u0422\u0440\u043e\u043c\u0431\u043e\u0446\u0438\u0442\u044b \u0438 \u043f\u043b\u0430\u0437\u043c\u0430:", "fields": ["Image"]}}]',10,2,'2024-08-05 09:44:46.560665');
INSERT INTO django_admin_log VALUES(171,'1','Главное сообщение',2,'[{"added": {"name": "\u041d\u0430\u043f\u0440\u0430\u0432\u043b\u0435\u043d\u0438\u044f \u0432\u043d\u0435\u0443\u0447\u0435\u0431\u043d\u043e\u0439 \u0434\u0435\u044f\u0442\u0435\u043b\u044c\u043d\u043e\u0441\u0442\u0438", "object": "\u041e\u0440\u0433\u0430\u043d\u0438\u0437\u0430\u0446\u0438\u044f \u0434\u043e\u043d\u043e\u0440\u0441\u0442\u0432\u0430"}}]',10,2,'2024-08-05 09:46:33.787864');
INSERT INTO django_admin_log VALUES(172,'1','Главное сообщение',2,'[{"added": {"name": "\u041d\u0430\u043f\u0440\u0430\u0432\u043b\u0435\u043d\u0438\u044f \u0432\u043d\u0435\u0443\u0447\u0435\u0431\u043d\u043e\u0439 \u0434\u0435\u044f\u0442\u0435\u043b\u044c\u043d\u043e\u0441\u0442\u0438", "object": "\u041a\u043e\u043d\u0442\u0430\u043a\u0442\u044b"}}]',10,2,'2024-08-05 09:47:40.042340');
INSERT INTO django_admin_log VALUES(173,'1','Главное сообщение',2,'[{"changed": {"name": "\u041d\u0430\u043f\u0440\u0430\u0432\u043b\u0435\u043d\u0438\u044f \u0432\u043d\u0435\u0443\u0447\u0435\u0431\u043d\u043e\u0439 \u0434\u0435\u044f\u0442\u0435\u043b\u044c\u043d\u043e\u0441\u0442\u0438", "object": "\u0413\u0440\u0435\u0431\u0446\u044b", "fields": ["Title", "Message", "Image", "Link"]}}]',10,2,'2024-08-05 09:51:21.920538');
INSERT INTO django_admin_log VALUES(174,'1','Главное сообщение',2,'[{"added": {"name": "\u041d\u0430\u043f\u0440\u0430\u0432\u043b\u0435\u043d\u0438\u044f \u0432\u043d\u0435\u0443\u0447\u0435\u0431\u043d\u043e\u0439 \u0434\u0435\u044f\u0442\u0435\u043b\u044c\u043d\u043e\u0441\u0442\u0438", "object": "\u0411\u0430\u0434\u043c\u0438\u043d\u0442\u043e\u043d"}}]',10,2,'2024-08-05 09:53:02.529176');
INSERT INTO django_admin_log VALUES(175,'1','Главное сообщение',2,'[{"added": {"name": "\u041d\u0430\u043f\u0440\u0430\u0432\u043b\u0435\u043d\u0438\u044f \u0432\u043d\u0435\u0443\u0447\u0435\u0431\u043d\u043e\u0439 \u0434\u0435\u044f\u0442\u0435\u043b\u044c\u043d\u043e\u0441\u0442\u0438", "object": "\u0411\u043e\u043a\u0441"}}]',10,2,'2024-08-05 09:54:46.582416');
INSERT INTO django_admin_log VALUES(176,'1','Главное сообщение',2,'[{"added": {"name": "\u041d\u0430\u043f\u0440\u0430\u0432\u043b\u0435\u043d\u0438\u044f \u0432\u043d\u0435\u0443\u0447\u0435\u0431\u043d\u043e\u0439 \u0434\u0435\u044f\u0442\u0435\u043b\u044c\u043d\u043e\u0441\u0442\u0438", "object": "\u0411\u043e\u043b\u044c\u0448\u043e\u0439 \u0442\u0435\u043d\u043d\u0438\u0441"}}]',10,2,'2024-08-05 09:56:47.454171');
INSERT INTO django_admin_log VALUES(177,'1','Главное сообщение',2,'[{"added": {"name": "\u041d\u0430\u043f\u0440\u0430\u0432\u043b\u0435\u043d\u0438\u044f \u0432\u043d\u0435\u0443\u0447\u0435\u0431\u043d\u043e\u0439 \u0434\u0435\u044f\u0442\u0435\u043b\u044c\u043d\u043e\u0441\u0442\u0438", "object": "\u0412\u043e\u043b\u0435\u0439\u0431\u043e\u043b"}}]',10,2,'2024-08-05 09:58:12.505824');
INSERT INTO django_admin_log VALUES(178,'1','Главное сообщение',2,'[{"added": {"name": "\u041d\u0430\u043f\u0440\u0430\u0432\u043b\u0435\u043d\u0438\u044f \u0432\u043d\u0435\u0443\u0447\u0435\u0431\u043d\u043e\u0439 \u0434\u0435\u044f\u0442\u0435\u043b\u044c\u043d\u043e\u0441\u0442\u0438", "object": "\u0414\u0430\u0440\u0442\u0441"}}]',10,2,'2024-08-05 10:00:03.603972');
INSERT INTO django_admin_log VALUES(179,'1','Главное сообщение',2,'[{"added": {"name": "\u041d\u0430\u043f\u0440\u0430\u0432\u043b\u0435\u043d\u0438\u044f \u0432\u043d\u0435\u0443\u0447\u0435\u0431\u043d\u043e\u0439 \u0434\u0435\u044f\u0442\u0435\u043b\u044c\u043d\u043e\u0441\u0442\u0438", "object": "\u0419\u043e\u0433\u0430"}}]',10,2,'2024-08-05 10:06:36.679349');
INSERT INTO django_admin_log VALUES(180,'1','Главное сообщение',2,'[{"added": {"name": "\u041d\u0430\u043f\u0440\u0430\u0432\u043b\u0435\u043d\u0438\u044f \u0432\u043d\u0435\u0443\u0447\u0435\u0431\u043d\u043e\u0439 \u0434\u0435\u044f\u0442\u0435\u043b\u044c\u043d\u043e\u0441\u0442\u0438", "object": "\u0428\u0430\u0445\u043c\u0430\u0442\u044b"}}]',10,2,'2024-08-05 10:08:04.818848');
INSERT INTO django_admin_log VALUES(181,'1','Главное сообщение',2,'[{"added": {"name": "\u041d\u0430\u043f\u0440\u0430\u0432\u043b\u0435\u043d\u0438\u044f \u0432\u043d\u0435\u0443\u0447\u0435\u0431\u043d\u043e\u0439 \u0434\u0435\u044f\u0442\u0435\u043b\u044c\u043d\u043e\u0441\u0442\u0438", "object": "\u0427\u0438\u0440\u043b\u0438\u0434\u0438\u043d\u0433"}}]',10,2,'2024-08-05 10:09:21.775068');
INSERT INTO django_admin_log VALUES(182,'1','Главное сообщение',2,'[{"added": {"name": "\u041d\u0430\u043f\u0440\u0430\u0432\u043b\u0435\u043d\u0438\u044f \u0432\u043d\u0435\u0443\u0447\u0435\u0431\u043d\u043e\u0439 \u0434\u0435\u044f\u0442\u0435\u043b\u044c\u043d\u043e\u0441\u0442\u0438", "object": "\u0425\u043e\u043a\u043a\u0435\u0439"}}]',10,2,'2024-08-05 10:10:51.260025');
INSERT INTO django_admin_log VALUES(183,'1','Главное сообщение',2,'[{"added": {"name": "\u041d\u0430\u043f\u0440\u0430\u0432\u043b\u0435\u043d\u0438\u044f \u0432\u043d\u0435\u0443\u0447\u0435\u0431\u043d\u043e\u0439 \u0434\u0435\u044f\u0442\u0435\u043b\u044c\u043d\u043e\u0441\u0442\u0438", "object": "\u0422\u0443\u0440\u043a\u043b\u0443\u0431"}}]',10,2,'2024-08-05 10:12:16.530434');
INSERT INTO django_admin_log VALUES(184,'1','Главное сообщение',2,'[{"added": {"name": "\u041d\u0430\u043f\u0440\u0430\u0432\u043b\u0435\u043d\u0438\u044f \u0432\u043d\u0435\u0443\u0447\u0435\u0431\u043d\u043e\u0439 \u0434\u0435\u044f\u0442\u0435\u043b\u044c\u043d\u043e\u0441\u0442\u0438", "object": "\u0421\u0442\u0440\u0430\u0439\u043a\u0431\u043e\u043b"}}]',10,2,'2024-08-05 10:14:30.928527');
INSERT INTO django_admin_log VALUES(185,'1','Главное сообщение',2,'[{"added": {"name": "\u041d\u0430\u043f\u0440\u0430\u0432\u043b\u0435\u043d\u0438\u044f \u0432\u043d\u0435\u0443\u0447\u0435\u0431\u043d\u043e\u0439 \u0434\u0435\u044f\u0442\u0435\u043b\u044c\u043d\u043e\u0441\u0442\u0438", "object": "\u0411\u0430\u0441\u043a\u0435\u0442\u0431\u043e\u043b"}}]',10,2,'2024-08-05 10:16:06.401040');
INSERT INTO django_admin_log VALUES(186,'1','Главное сообщение',2,'[{"added": {"name": "\u041f\u043e\u0434\u0440\u0430\u0437\u0434\u0435\u043b\u0435\u043d\u0438\u044f \u0443 \u041d\u0430\u043f\u0440\u0430\u0432\u043b\u0435\u043d\u0438\u044f", "object": "\u0416\u0435\u043d\u0441\u043a\u0430\u044f \u0441\u0431\u043e\u0440\u043d\u0430\u044f"}}, {"added": {"name": "\u041f\u043e\u0434\u0440\u0430\u0437\u0434\u0435\u043b\u0435\u043d\u0438\u044f \u0443 \u041d\u0430\u043f\u0440\u0430\u0432\u043b\u0435\u043d\u0438\u044f", "object": "\u041c\u0443\u0436\u0441\u043a\u0430\u044f \u0441\u0431\u043e\u0440\u043d\u0430\u044f"}}]',10,2,'2024-08-05 10:17:31.590138');
INSERT INTO django_admin_log VALUES(187,'1','Главное сообщение',2,'[{"deleted": {"name": "\u041f\u043e\u0434\u0440\u0430\u0437\u0434\u0435\u043b\u0435\u043d\u0438\u044f \u0443 \u041d\u0430\u043f\u0440\u0430\u0432\u043b\u0435\u043d\u0438\u044f", "object": "\u0416\u0435\u043d\u0441\u043a\u0430\u044f \u0441\u0431\u043e\u0440\u043d\u0430\u044f"}}, {"deleted": {"name": "\u041f\u043e\u0434\u0440\u0430\u0437\u0434\u0435\u043b\u0435\u043d\u0438\u044f \u0443 \u041d\u0430\u043f\u0440\u0430\u0432\u043b\u0435\u043d\u0438\u044f", "object": "\u041c\u0443\u0436\u0441\u043a\u0430\u044f \u0441\u0431\u043e\u0440\u043d\u0430\u044f"}}]',10,2,'2024-08-05 10:18:16.574837');
INSERT INTO django_admin_log VALUES(188,'1','Главное сообщение',2,'[{"changed": {"name": "\u041d\u0430\u043f\u0440\u0430\u0432\u043b\u0435\u043d\u0438\u044f \u0432\u043d\u0435\u0443\u0447\u0435\u0431\u043d\u043e\u0439 \u0434\u0435\u044f\u0442\u0435\u043b\u044c\u043d\u043e\u0441\u0442\u0438", "object": "\u0411\u0430\u0441\u043a\u0435\u0442\u0431\u043e\u043b", "fields": ["Message"]}}]',10,2,'2024-08-05 10:19:13.671415');
INSERT INTO django_admin_log VALUES(189,'1','Главное сообщение',2,'[{"deleted": {"name": "\u041d\u0430\u043f\u0440\u0430\u0432\u043b\u0435\u043d\u0438\u044f \u0432\u043d\u0435\u0443\u0447\u0435\u0431\u043d\u043e\u0439 \u0434\u0435\u044f\u0442\u0435\u043b\u044c\u043d\u043e\u0441\u0442\u0438", "object": "\u0411\u0430\u0441\u043a\u0435\u0442\u0431\u043e\u043b"}}]',10,2,'2024-08-05 10:20:13.249892');
INSERT INTO django_admin_log VALUES(190,'1','Главное сообщение',2,'[{"added": {"name": "\u041d\u0430\u043f\u0440\u0430\u0432\u043b\u0435\u043d\u0438\u044f \u0432\u043d\u0435\u0443\u0447\u0435\u0431\u043d\u043e\u0439 \u0434\u0435\u044f\u0442\u0435\u043b\u044c\u043d\u043e\u0441\u0442\u0438", "object": "\u0411\u0430\u0441\u043a\u0435\u0442\u0431\u043e\u043b"}}]',10,2,'2024-08-05 10:21:00.504773');
INSERT INTO django_admin_log VALUES(191,'1','Главное сообщение',2,'[{"changed": {"name": "\u041d\u0430\u043f\u0440\u0430\u0432\u043b\u0435\u043d\u0438\u044f \u0432\u043d\u0435\u0443\u0447\u0435\u0431\u043d\u043e\u0439 \u0434\u0435\u044f\u0442\u0435\u043b\u044c\u043d\u043e\u0441\u0442\u0438", "object": "\u0427\u0438\u0440\u043b\u0438\u0434\u0438\u043d\u0433", "fields": ["Message"]}}, {"added": {"name": "\u041f\u043e\u0434\u0440\u0430\u0437\u0434\u0435\u043b\u0435\u043d\u0438\u044f \u0443 \u041d\u0430\u043f\u0440\u0430\u0432\u043b\u0435\u043d\u0438\u044f", "object": "\u041a\u0430\u043a \u043f\u043e\u043f\u0430\u0441\u0442\u044c \u043a \u043d\u0430\u043c \u0432 \u043a\u043e\u043c\u0430\u043d\u0434\u0443?"}}]',10,2,'2024-08-05 10:26:16.189943');
INSERT INTO django_admin_log VALUES(192,'1','Главное сообщение',2,'[{"added": {"name": "\u041f\u043e\u0434\u0440\u0430\u0437\u0434\u0435\u043b\u0435\u043d\u0438\u044f \u0443 \u041d\u0430\u043f\u0440\u0430\u0432\u043b\u0435\u043d\u0438\u044f", "object": "\u041d\u0430\u0448\u0438 \u0434\u043e\u0441\u0442\u0438\u0436\u0435\u043d\u0438\u044f"}}]',10,2,'2024-08-05 10:29:51.672150');
INSERT INTO django_admin_log VALUES(193,'1','Главное сообщение',2,'[{"changed": {"name": "\u041d\u0430\u043f\u0440\u0430\u0432\u043b\u0435\u043d\u0438\u044f \u0432\u043d\u0435\u0443\u0447\u0435\u0431\u043d\u043e\u0439 \u0434\u0435\u044f\u0442\u0435\u043b\u044c\u043d\u043e\u0441\u0442\u0438", "object": "\u0427\u0438\u0440\u043b\u0438\u0434\u0438\u043d\u0433", "fields": ["Message"]}}, {"changed": {"name": "\u041f\u043e\u0434\u0440\u0430\u0437\u0434\u0435\u043b\u0435\u043d\u0438\u044f \u0443 \u041d\u0430\u043f\u0440\u0430\u0432\u043b\u0435\u043d\u0438\u044f", "object": "\u041d\u0430\u0448\u0438 \u0434\u043e\u0441\u0442\u0438\u0436\u0435\u043d\u0438\u044f", "fields": ["Message"]}}]',10,2,'2024-08-05 10:30:37.112764');
INSERT INTO django_admin_log VALUES(194,'1','Главное сообщение',2,'[{"changed": {"name": "\u041d\u0430\u043f\u0440\u0430\u0432\u043b\u0435\u043d\u0438\u044f \u0432\u043d\u0435\u0443\u0447\u0435\u0431\u043d\u043e\u0439 \u0434\u0435\u044f\u0442\u0435\u043b\u044c\u043d\u043e\u0441\u0442\u0438", "object": "\u0411\u0430\u0441\u043a\u0435\u0442\u0431\u043e\u043b", "fields": ["Message"]}}]',10,2,'2024-08-05 10:31:58.814002');
INSERT INTO django_admin_log VALUES(195,'1','Главное сообщение',2,'[{"added": {"name": "\u041d\u0430\u043f\u0440\u0430\u0432\u043b\u0435\u043d\u0438\u044f \u0432\u043d\u0435\u0443\u0447\u0435\u0431\u043d\u043e\u0439 \u0434\u0435\u044f\u0442\u0435\u043b\u044c\u043d\u043e\u0441\u0442\u0438", "object": "\u0421\u043f\u043e\u0440\u0442\u0438\u0432\u043d\u043e\u0435 \u043e\u0440\u0438\u0435\u043d\u0442\u0438\u0440\u043e\u0432\u0430\u043d\u0438\u0435"}}]',10,2,'2024-08-05 10:33:52.046167');
INSERT INTO django_admin_log VALUES(196,'1','Главное сообщение',2,'[{"added": {"name": "\u041d\u0430\u043f\u0440\u0430\u0432\u043b\u0435\u043d\u0438\u044f \u0432\u043d\u0435\u0443\u0447\u0435\u0431\u043d\u043e\u0439 \u0434\u0435\u044f\u0442\u0435\u043b\u044c\u043d\u043e\u0441\u0442\u0438", "object": "\u0421\u0430\u043c\u0431\u043e"}}]',10,2,'2024-08-05 10:35:03.896935');
INSERT INTO django_admin_log VALUES(197,'1','Главное сообщение',2,'[{"added": {"name": "\u041d\u0430\u043f\u0440\u0430\u0432\u043b\u0435\u043d\u0438\u044f \u0432\u043d\u0435\u0443\u0447\u0435\u0431\u043d\u043e\u0439 \u0434\u0435\u044f\u0442\u0435\u043b\u044c\u043d\u043e\u0441\u0442\u0438", "object": "\u041f\u043b\u0430\u0432\u0430\u043d\u0438\u0435"}}]',10,2,'2024-08-05 10:36:52.196687');
INSERT INTO django_admin_log VALUES(198,'1','Главное сообщение',2,'[{"changed": {"name": "\u041d\u0430\u043f\u0440\u0430\u0432\u043b\u0435\u043d\u0438\u044f \u0432\u043d\u0435\u0443\u0447\u0435\u0431\u043d\u043e\u0439 \u0434\u0435\u044f\u0442\u0435\u043b\u044c\u043d\u043e\u0441\u0442\u0438", "object": "\u0421\u043f\u043e\u0440\u0442\u0438\u0432\u043d\u043e\u0435 \u043e\u0440\u0438\u0435\u043d\u0442\u0438\u0440\u043e\u0432\u0430\u043d\u0438\u0435", "fields": ["Image"]}}]',10,2,'2024-08-05 10:38:08.056629');
INSERT INTO django_admin_log VALUES(199,'1','Главное сообщение',2,'[{"added": {"name": "\u041d\u0430\u043f\u0440\u0430\u0432\u043b\u0435\u043d\u0438\u044f \u0432\u043d\u0435\u0443\u0447\u0435\u0431\u043d\u043e\u0439 \u0434\u0435\u044f\u0442\u0435\u043b\u044c\u043d\u043e\u0441\u0442\u0438", "object": "\u041d\u0430\u0441\u0442\u043e\u043b\u044c\u043d\u044b\u0439 \u0442\u0435\u043d\u043d\u0438\u0441"}}]',10,2,'2024-08-05 10:40:19.133958');
INSERT INTO django_admin_log VALUES(200,'1','Главное сообщение',2,'[{"added": {"name": "\u041d\u0430\u043f\u0440\u0430\u0432\u043b\u0435\u043d\u0438\u044f \u0432\u043d\u0435\u0443\u0447\u0435\u0431\u043d\u043e\u0439 \u0434\u0435\u044f\u0442\u0435\u043b\u044c\u043d\u043e\u0441\u0442\u0438", "object": "\u041b\u0451\u0433\u043a\u0430\u044f \u0430\u0442\u043b\u0435\u0442\u0438\u043a\u0430"}}]',10,2,'2024-08-05 10:41:57.269723');
INSERT INTO django_admin_log VALUES(201,'1','Главное сообщение',2,'[{"added": {"name": "\u041d\u0430\u043f\u0440\u0430\u0432\u043b\u0435\u043d\u0438\u044f \u0432\u043d\u0435\u0443\u0447\u0435\u0431\u043d\u043e\u0439 \u0434\u0435\u044f\u0442\u0435\u043b\u044c\u043d\u043e\u0441\u0442\u0438", "object": "\u0411\u0438\u043b\u044c\u044f\u0440\u0434"}}]',10,2,'2024-08-05 10:46:10.903541');
INSERT INTO django_admin_log VALUES(202,'1','Главное сообщение',2,'[{"added": {"name": "\u041d\u0430\u043f\u0440\u0430\u0432\u043b\u0435\u043d\u0438\u044f \u0432\u043d\u0435\u0443\u0447\u0435\u0431\u043d\u043e\u0439 \u0434\u0435\u044f\u0442\u0435\u043b\u044c\u043d\u043e\u0441\u0442\u0438", "object": "\u0424\u0435\u0445\u0442\u043e\u0432\u0430\u043d\u0438\u0435"}}]',10,2,'2024-08-05 10:49:54.887994');
INSERT INTO django_admin_log VALUES(203,'1','Главное сообщение',2,'[{"added": {"name": "\u041d\u0430\u043f\u0440\u0430\u0432\u043b\u0435\u043d\u0438\u044f \u0432\u043d\u0435\u0443\u0447\u0435\u0431\u043d\u043e\u0439 \u0434\u0435\u044f\u0442\u0435\u043b\u044c\u043d\u043e\u0441\u0442\u0438", "object": "\u0424\u0438\u0433\u0443\u0440\u043d\u043e\u0435 \u043a\u0430\u0442\u0430\u043d\u0438\u0435"}}]',10,2,'2024-08-05 10:56:09.946493');
INSERT INTO django_admin_log VALUES(204,'1','Главное сообщение',2,'[{"added": {"name": "\u041d\u0430\u043f\u0440\u0430\u0432\u043b\u0435\u043d\u0438\u044f \u0432\u043d\u0435\u0443\u0447\u0435\u0431\u043d\u043e\u0439 \u0434\u0435\u044f\u0442\u0435\u043b\u044c\u043d\u043e\u0441\u0442\u0438", "object": "\u041b\u044b\u0436\u043d\u0430\u044f \u0441\u0435\u043a\u0446\u0438\u044f"}}]',10,2,'2024-08-05 11:00:39.394493');
INSERT INTO django_admin_log VALUES(205,'1','Главное сообщение',2,'[{"changed": {"name": "\u041a\u043d\u043e\u043f\u043a\u0438 \u0432\u043d\u0435\u0443\u0447\u0435\u0431\u043d\u043e\u0439 \u0434\u0435\u044f\u0442\u0435\u043b\u044c\u043d\u043e\u0441\u0442\u0438", "object": "\u0421\u043f\u043e\u0440\u0442\u043a\u043b\u0443\u0431", "fields": ["Message"]}}, {"changed": {"name": "\u041d\u0430\u043f\u0440\u0430\u0432\u043b\u0435\u043d\u0438\u044f \u0432\u043d\u0435\u0443\u0447\u0435\u0431\u043d\u043e\u0439 \u0434\u0435\u044f\u0442\u0435\u043b\u044c\u043d\u043e\u0441\u0442\u0438", "object": "\u041b\u044b\u0436\u043d\u0430\u044f \u0441\u0435\u043a\u0446\u0438\u044f", "fields": ["Link"]}}]',10,2,'2024-08-05 11:01:53.071336');
INSERT INTO django_admin_log VALUES(206,'1','Главное сообщение',2,'[{"added": {"name": "\u041d\u0430\u043f\u0440\u0430\u0432\u043b\u0435\u043d\u0438\u044f \u0432\u043d\u0435\u0443\u0447\u0435\u0431\u043d\u043e\u0439 \u0434\u0435\u044f\u0442\u0435\u043b\u044c\u043d\u043e\u0441\u0442\u0438", "object": "\u0424\u0443\u043d\u043a\u0446\u0438\u043e\u043d\u0430\u043b\u044c\u043d\u044b\u0439 \u0442\u0440\u0435\u043d\u0438\u043d\u0433"}}]',10,2,'2024-08-05 11:04:38.342007');
INSERT INTO django_admin_log VALUES(207,'1','Главное сообщение',2,'[{"changed": {"name": "\u041d\u0430\u043f\u0440\u0430\u0432\u043b\u0435\u043d\u0438\u044f \u0432\u043d\u0435\u0443\u0447\u0435\u0431\u043d\u043e\u0439 \u0434\u0435\u044f\u0442\u0435\u043b\u044c\u043d\u043e\u0441\u0442\u0438", "object": "\u041d\u0430\u0441\u0442\u043e\u043b\u044c\u043d\u044b\u0439 \u0442\u0435\u043d\u043d\u0438\u0441", "fields": ["Message"]}}]',10,2,'2024-08-05 12:23:35.563080');
INSERT INTO django_admin_log VALUES(208,'1','Главное сообщение',2,'[{"changed": {"name": "\u041d\u0430\u043f\u0440\u0430\u0432\u043b\u0435\u043d\u0438\u044f \u0432\u043d\u0435\u0443\u0447\u0435\u0431\u043d\u043e\u0439 \u0434\u0435\u044f\u0442\u0435\u043b\u044c\u043d\u043e\u0441\u0442\u0438", "object": "\u0414\u0430\u0440\u0442\u0441", "fields": ["Message"]}}]',10,2,'2024-08-06 08:14:51.180195');
INSERT INTO django_admin_log VALUES(209,'1','Главное сообщение',2,'[{"changed": {"name": "\u041f\u043e\u0434\u0440\u0430\u0437\u0434\u0435\u043b\u0435\u043d\u0438\u044f \u0443 \u041d\u0430\u043f\u0440\u0430\u0432\u043b\u0435\u043d\u0438\u044f", "object": "\u0421\u0435\u043a\u0446\u0438\u044f Counter-Strike 2.", "fields": ["Title"]}}, {"changed": {"name": "\u041f\u043e\u0434\u0440\u0430\u0437\u0434\u0435\u043b\u0435\u043d\u0438\u044f \u0443 \u041d\u0430\u043f\u0440\u0430\u0432\u043b\u0435\u043d\u0438\u044f", "object": "\u0421\u0435\u043a\u0446\u0438\u044f League of legends.", "fields": ["Title"]}}, {"changed": {"name": "\u041f\u043e\u0434\u0440\u0430\u0437\u0434\u0435\u043b\u0435\u043d\u0438\u044f \u0443 \u041d\u0430\u043f\u0440\u0430\u0432\u043b\u0435\u043d\u0438\u044f", "object": "\u0421\u0435\u043a\u0446\u0438\u044f Valorant.", "fields": ["Title"]}}, {"changed": {"name": "\u041f\u043e\u0434\u0440\u0430\u0437\u0434\u0435\u043b\u0435\u043d\u0438\u044f \u0443 \u041d\u0430\u043f\u0440\u0430\u0432\u043b\u0435\u043d\u0438\u044f", "object": "\u0421\u0435\u043a\u0446\u0438\u044f Apex Legends.", "fields": ["Title"]}}, {"changed": {"name": "\u041f\u043e\u0434\u0440\u0430\u0437\u0434\u0435\u043b\u0435\u043d\u0438\u044f \u0443 \u041d\u0430\u043f\u0440\u0430\u0432\u043b\u0435\u043d\u0438\u044f", "object": "\u0421\u0435\u043a\u0446\u0438\u044f Rainbow Six Siege.", "fields": ["Title"]}}, {"changed": {"name": "\u041f\u043e\u0434\u0440\u0430\u0437\u0434\u0435\u043b\u0435\u043d\u0438\u044f \u0443 \u041d\u0430\u043f\u0440\u0430\u0432\u043b\u0435\u043d\u0438\u044f", "object": "\u0421\u0435\u043a\u0446\u0438\u044f Hearthstone.", "fields": ["Title"]}}]',10,2,'2024-08-06 08:15:54.469037');
INSERT INTO django_admin_log VALUES(210,'1','Главное сообщение',2,'[{"changed": {"name": "\u041d\u0430\u043f\u0440\u0430\u0432\u043b\u0435\u043d\u0438\u044f \u0432\u043d\u0435\u0443\u0447\u0435\u0431\u043d\u043e\u0439 \u0434\u0435\u044f\u0442\u0435\u043b\u044c\u043d\u043e\u0441\u0442\u0438", "object": "\u0410\u043a\u0430\u0434\u0435\u043c\u0438\u0447\u0435\u0441\u043a\u0430\u044f \u0433\u0440\u0435\u0431\u043b\u044f", "fields": ["Message"]}}]',10,2,'2024-08-06 08:18:53.162928');
INSERT INTO django_admin_log VALUES(211,'1','Главное сообщение',2,'[{"changed": {"name": "\u041d\u0430\u043f\u0440\u0430\u0432\u043b\u0435\u043d\u0438\u044f \u0432\u043d\u0435\u0443\u0447\u0435\u0431\u043d\u043e\u0439 \u0434\u0435\u044f\u0442\u0435\u043b\u044c\u043d\u043e\u0441\u0442\u0438", "object": "\u0410\u043a\u0430\u0434\u0435\u043c\u0438\u0447\u0435\u0441\u043a\u0430\u044f \u0433\u0440\u0435\u0431\u043b\u044f", "fields": ["Message"]}}]',10,2,'2024-08-06 08:22:50.927731');
INSERT INTO django_admin_log VALUES(212,'1','Главное сообщение',2,'[{"changed": {"name": "\u041d\u0430\u043f\u0440\u0430\u0432\u043b\u0435\u043d\u0438\u044f \u0432\u043d\u0435\u0443\u0447\u0435\u0431\u043d\u043e\u0439 \u0434\u0435\u044f\u0442\u0435\u043b\u044c\u043d\u043e\u0441\u0442\u0438", "object": "\u0410\u043a\u0430\u0434\u0435\u043c\u0438\u0447\u0435\u0441\u043a\u0430\u044f \u0433\u0440\u0435\u0431\u043b\u044f", "fields": ["Message"]}}]',10,2,'2024-08-06 08:28:32.619726');
INSERT INTO django_admin_log VALUES(213,'1','Главное сообщение',2,'[{"changed": {"name": "\u041a\u043d\u043e\u043f\u043a\u0438 \u043a \u0441\u043e\u043e\u0431\u0449\u0435\u043d\u0438\u044e \u043e\u043d\u043b\u0430\u0439\u043d \u0441\u0442\u0430\u0440\u043e\u0441\u0442\u044b --- \u0422\u0435\u043c\u044b", "object": "\u0421\u0442\u0438\u043f\u0435\u043d\u0434\u0438\u044f", "fields": ["Message", "Link"]}}, {"changed": {"name": "\u041a\u043d\u043e\u043f\u043a\u0438 \u043a \u041f\u043e\u0434\u0442\u0435\u043c\u0430\u043c", "object": "\u042f \u0432\u0441\u0435 \u0436\u0435 \u0445\u043e\u0447\u0443 \u0434\u0435\u043d\u044c\u0433\u0438", "fields": ["Title", "Link"]}}]',20,2,'2024-08-06 08:58:17.206773');
INSERT INTO django_admin_log VALUES(214,'1','Главное сообщение',2,'[{"changed": {"name": "\u041a\u043d\u043e\u043f\u043a\u0438 \u043a \u0441\u043e\u043e\u0431\u0449\u0435\u043d\u0438\u044e \u043e\u043d\u043b\u0430\u0439\u043d \u0441\u0442\u0430\u0440\u043e\u0441\u0442\u044b --- \u0422\u0435\u043c\u044b", "object": "\u0421\u0442\u0438\u043f\u0435\u043d\u0434\u0438\u044f", "fields": ["Image"]}}, {"changed": {"name": "\u041a\u043d\u043e\u043f\u043a\u0438 \u043a \u041f\u043e\u0434\u0442\u0435\u043c\u0430\u043c", "object": "\u041f\u043e\u0432\u044b\u0448\u0435\u043d\u043d\u0430\u044f \u0441\u0442\u0438\u043f\u0435\u043d\u0434\u0438\u044f", "fields": ["Message"]}}]',20,2,'2024-08-06 09:01:02.636735');
INSERT INTO django_admin_log VALUES(215,'1','Главное сообщение',2,'[{"added": {"name": "\u041d\u0430\u043f\u0440\u0430\u0432\u043b\u0435\u043d\u0438\u044f \u0432\u043d\u0435\u0443\u0447\u0435\u0431\u043d\u043e\u0439 \u0434\u0435\u044f\u0442\u0435\u043b\u044c\u043d\u043e\u0441\u0442\u0438", "object": "\u0420\u0430\u0441\u0442\u044f\u0436\u043a\u0430"}}]',10,2,'2024-08-06 09:49:35.909229');
INSERT INTO django_admin_log VALUES(216,'1','Главное сообщение',2,'[{"changed": {"name": "\u041a\u043d\u043e\u043f\u043a\u0438 \u0432\u043d\u0435\u0443\u0447\u0435\u0431\u043d\u043e\u0439 \u0434\u0435\u044f\u0442\u0435\u043b\u044c\u043d\u043e\u0441\u0442\u0438", "object": "6", "fields": ["Title", "Message", "Image"]}}]',10,2,'2024-08-06 09:57:26.535056');
INSERT INTO django_admin_log VALUES(217,'1','Главное сообщение',2,'[{"changed": {"name": "\u041a\u043d\u043e\u043f\u043a\u0438 \u0432\u043d\u0435\u0443\u0447\u0435\u0431\u043d\u043e\u0439 \u0434\u0435\u044f\u0442\u0435\u043b\u044c\u043d\u043e\u0441\u0442\u0438", "object": "\u0412\u043e\u043b\u043e\u043d\u0442\u0451\u0440\u0441\u0442\u0432\u043e-\u0420\u043d\u0438\u043c\u0443", "fields": ["Title"]}}]',10,2,'2024-08-06 10:00:50.037452');
INSERT INTO django_admin_log VALUES(218,'1','Главное сообщение',2,'[{"changed": {"name": "\u041a\u043d\u043e\u043f\u043a\u0438 \u0432\u043d\u0435\u0443\u0447\u0435\u0431\u043d\u043e\u0439 \u0434\u0435\u044f\u0442\u0435\u043b\u044c\u043d\u043e\u0441\u0442\u0438", "object": "\u0412\u043e\u043b\u043e\u043d\u0442\u0451\u0440\u0441\u0442\u0432\u043e", "fields": ["Message"]}}, {"added": {"name": "\u041d\u0430\u043f\u0440\u0430\u0432\u043b\u0435\u043d\u0438\u044f \u0432\u043d\u0435\u0443\u0447\u0435\u0431\u043d\u043e\u0439 \u0434\u0435\u044f\u0442\u0435\u043b\u044c\u043d\u043e\u0441\u0442\u0438", "object": "\u041f\u043e\u0447\u0435\u043c\u0443 \u0441\u0442\u043e\u0438\u0442 \u0441\u0442\u0430\u0442\u044c \u0432\u043e\u043b\u043e\u043d\u0442\u0435\u0440\u043e\u043c?"}}]',10,2,'2024-08-06 10:02:29.123696');
INSERT INTO django_admin_log VALUES(219,'1','Главное сообщение',2,'[{"changed": {"name": "\u041a\u043d\u043e\u043f\u043a\u0438 \u0432\u043d\u0435\u0443\u0447\u0435\u0431\u043d\u043e\u0439 \u0434\u0435\u044f\u0442\u0435\u043b\u044c\u043d\u043e\u0441\u0442\u0438", "object": "\u0412\u043e\u043b\u043e\u043d\u0442\u0451\u0440\u0441\u0442\u0432\u043e", "fields": ["Message"]}}]',10,2,'2024-08-06 10:16:23.960042');
INSERT INTO django_admin_log VALUES(220,'19','Изображение пользователя с id Илья Бетяев 123123123 и состоянием good',2,'[{"changed": {"fields": ["Image", "State"]}}]',18,1,'2024-08-06 14:51:14.683312');
INSERT INTO django_admin_log VALUES(221,'19','Изображение пользователя с id Илья Бетяев 123123123 и состоянием bad',2,'[{"changed": {"fields": ["State"]}}]',18,1,'2024-08-06 14:51:34.589609');
INSERT INTO django_admin_log VALUES(222,'19','Изображение пользователя с id Илья Бетяев 123123123 и состоянием bad',2,'[]',18,1,'2024-08-06 14:55:00.058125');
INSERT INTO django_admin_log VALUES(223,'18','Изображение пользователя с id Семен Дубчак 111111111 и состоянием bad',2,'[{"changed": {"fields": ["Image", "State"]}}]',18,1,'2024-08-06 15:24:43.267854');
INSERT INTO django_admin_log VALUES(224,'1','Главное сообщение',2,'[{"added": {"name": "\u041f\u043e\u0434\u041f\u043e\u0434\u0442\u0435\u043c\u044b", "object": "\u041a\u0443\u043f\u0438\u0442\u044c \u0434\u0435\u043a\u0430\u043d\u0430\u0442"}}, {"added": {"name": "\u041f\u043e\u0434\u041f\u043e\u0434\u0442\u0435\u043c\u044b", "object": "\u041f\u0440\u043e\u0434\u0430\u0442\u044c \u0434\u0435\u043a\u0430\u043d\u0430\u0442"}}, {"added": {"name": "\u041f\u043e\u0434\u041f\u043e\u0434\u0442\u0435\u043c\u044b", "object": "\u041a\u0443\u043f\u0438\u0442\u044c \u0434\u0435\u043d\u044c\u0433\u0438"}}]',20,1,'2024-08-09 07:56:27.679566');
INSERT INTO django_admin_log VALUES(225,'1','Главное сообщение',2,'[{"changed": {"name": "\u041a\u043d\u043e\u043f\u043a\u0438 \u043a \u041f\u043e\u0434\u0442\u0435\u043c\u0430\u043c", "object": "\u041f\u043e\u0432\u044b\u0448\u0435\u043d\u043d\u0430\u044f \u0441\u0442\u0438\u043f\u0435\u043d\u0434\u0438\u044f", "fields": ["Image"]}}]',20,1,'2024-08-09 08:08:30.919232');
INSERT INTO django_admin_log VALUES(226,'1','Главное сообщение',2,'[{"changed": {"name": "\u041a\u043d\u043e\u043f\u043a\u0438 \u043a \u041f\u043e\u0434\u0442\u0435\u043c\u0430\u043c", "object": "\u042f \u043d\u0435 \u0445\u043e\u0447\u0443 \u0434\u0435\u043d\u0435\u0433", "fields": ["Image"]}}]',20,1,'2024-08-09 08:33:14.305806');
INSERT INTO django_admin_log VALUES(227,'20','Изображение пользователя с id Илья Бетяев 123123123 и состоянием bad',2,'[{"changed": {"fields": ["State"]}}]',18,1,'2024-08-09 08:36:09.873032');
CREATE TABLE IF NOT EXISTS "django_content_type" ("id" integer NOT NULL PRIMARY KEY AUTOINCREMENT, "app_label" varchar(100) NOT NULL, "model" varchar(100) NOT NULL);
INSERT INTO django_content_type VALUES(1,'admin','logentry');
INSERT INTO django_content_type VALUES(2,'auth','permission');
INSERT INTO django_content_type VALUES(3,'auth','group');
INSERT INTO django_content_type VALUES(4,'auth','user');
INSERT INTO django_content_type VALUES(5,'contenttypes','contenttype');
INSERT INTO django_content_type VALUES(6,'sessions','session');
INSERT INTO django_content_type VALUES(7,'tg_messages','welcomemessage');
INSERT INTO django_content_type VALUES(8,'tg_messages','registrationmessage');
INSERT INTO django_content_type VALUES(9,'tg_messages','mainmessage');
INSERT INTO django_content_type VALUES(10,'tg_messages','curriculumsmessage');
INSERT INTO django_content_type VALUES(11,'tg_messages','unknownmessage');
INSERT INTO django_content_type VALUES(12,'users','botuser');
INSERT INTO django_content_type VALUES(13,'users','studentraw');
INSERT INTO django_content_type VALUES(14,'tg_messages','curriculumsbuttons');
INSERT INTO django_content_type VALUES(15,'tg_messages','subcurriculumsbuttons');
INSERT INTO django_content_type VALUES(16,'tg_messages','subsubcurriculumsbuttons');
INSERT INTO django_content_type VALUES(17,'polls','image');
INSERT INTO django_content_type VALUES(18,'polls','pollsimage');
INSERT INTO django_content_type VALUES(19,'online_elder','eldermessagebuttons');
INSERT INTO django_content_type VALUES(20,'online_elder','eldermessage');
INSERT INTO django_content_type VALUES(21,'online_elder','subeldermessagebuttons');
INSERT INTO django_content_type VALUES(22,'online_elder','subsubeldermessagebuttons');
CREATE TABLE IF NOT EXISTS "auth_permission" ("id" integer NOT NULL PRIMARY KEY AUTOINCREMENT, "content_type_id" integer NOT NULL REFERENCES "django_content_type" ("id") DEFERRABLE INITIALLY DEFERRED, "codename" varchar(100) NOT NULL, "name" varchar(255) NOT NULL);
INSERT INTO auth_permission VALUES(1,1,'add_logentry','Can add log entry');
INSERT INTO auth_permission VALUES(2,1,'change_logentry','Can change log entry');
INSERT INTO auth_permission VALUES(3,1,'delete_logentry','Can delete log entry');
INSERT INTO auth_permission VALUES(4,1,'view_logentry','Can view log entry');
INSERT INTO auth_permission VALUES(5,2,'add_permission','Can add permission');
INSERT INTO auth_permission VALUES(6,2,'change_permission','Can change permission');
INSERT INTO auth_permission VALUES(7,2,'delete_permission','Can delete permission');
INSERT INTO auth_permission VALUES(8,2,'view_permission','Can view permission');
INSERT INTO auth_permission VALUES(9,3,'add_group','Can add group');
INSERT INTO auth_permission VALUES(10,3,'change_group','Can change group');
INSERT INTO auth_permission VALUES(11,3,'delete_group','Can delete group');
INSERT INTO auth_permission VALUES(12,3,'view_group','Can view group');
INSERT INTO auth_permission VALUES(13,4,'add_user','Can add user');
INSERT INTO auth_permission VALUES(14,4,'change_user','Can change user');
INSERT INTO auth_permission VALUES(15,4,'delete_user','Can delete user');
INSERT INTO auth_permission VALUES(16,4,'view_user','Can view user');
INSERT INTO auth_permission VALUES(17,5,'add_contenttype','Can add content type');
INSERT INTO auth_permission VALUES(18,5,'change_contenttype','Can change content type');
INSERT INTO auth_permission VALUES(19,5,'delete_contenttype','Can delete content type');
INSERT INTO auth_permission VALUES(20,5,'view_contenttype','Can view content type');
INSERT INTO auth_permission VALUES(21,6,'add_session','Can add session');
INSERT INTO auth_permission VALUES(22,6,'change_session','Can change session');
INSERT INTO auth_permission VALUES(23,6,'delete_session','Can delete session');
INSERT INTO auth_permission VALUES(24,6,'view_session','Can view session');
INSERT INTO auth_permission VALUES(25,7,'add_welcomemessage','Can add Приветственное сообщение');
INSERT INTO auth_permission VALUES(26,7,'change_welcomemessage','Can change Приветственное сообщение');
INSERT INTO auth_permission VALUES(27,7,'delete_welcomemessage','Can delete Приветственное сообщение');
INSERT INTO auth_permission VALUES(28,7,'view_welcomemessage','Can view Приветственное сообщение');
INSERT INTO auth_permission VALUES(29,8,'add_registrationmessage','Can add Сообщение при регистрации');
INSERT INTO auth_permission VALUES(30,8,'change_registrationmessage','Can change Сообщение при регистрации');
INSERT INTO auth_permission VALUES(31,8,'delete_registrationmessage','Can delete Сообщение при регистрации');
INSERT INTO auth_permission VALUES(32,8,'view_registrationmessage','Can view Сообщение при регистрации');
INSERT INTO auth_permission VALUES(33,9,'add_mainmessage','Can add Главное сообщение');
INSERT INTO auth_permission VALUES(34,9,'change_mainmessage','Can change Главное сообщение');
INSERT INTO auth_permission VALUES(35,9,'delete_mainmessage','Can delete Главное сообщение');
INSERT INTO auth_permission VALUES(36,9,'view_mainmessage','Can view Главное сообщение');
INSERT INTO auth_permission VALUES(37,10,'add_curriculumsmessage','Can add Внеучебная деятельность');
INSERT INTO auth_permission VALUES(38,10,'change_curriculumsmessage','Can change Внеучебная деятельность');
INSERT INTO auth_permission VALUES(39,10,'delete_curriculumsmessage','Can delete Внеучебная деятельность');
INSERT INTO auth_permission VALUES(40,10,'view_curriculumsmessage','Can view Внеучебная деятельность');
INSERT INTO auth_permission VALUES(41,11,'add_unknownmessage','Can add Сообщение если неизвестная команда');
INSERT INTO auth_permission VALUES(42,11,'change_unknownmessage','Can change Сообщение если неизвестная команда');
INSERT INTO auth_permission VALUES(43,11,'delete_unknownmessage','Can delete Сообщение если неизвестная команда');
INSERT INTO auth_permission VALUES(44,11,'view_unknownmessage','Can view Сообщение если неизвестная команда');
INSERT INTO auth_permission VALUES(45,12,'add_botuser','Can add bot user');
INSERT INTO auth_permission VALUES(46,12,'change_botuser','Can change bot user');
INSERT INTO auth_permission VALUES(47,12,'delete_botuser','Can delete bot user');
INSERT INTO auth_permission VALUES(48,12,'view_botuser','Can view bot user');
INSERT INTO auth_permission VALUES(49,13,'add_studentraw','Can add student raw');
INSERT INTO auth_permission VALUES(50,13,'change_studentraw','Can change student raw');
INSERT INTO auth_permission VALUES(51,13,'delete_studentraw','Can delete student raw');
INSERT INTO auth_permission VALUES(52,13,'view_studentraw','Can view student raw');
INSERT INTO auth_permission VALUES(53,14,'add_curriculumsbuttons','Can add Кнопки внеучебной деятельности');
INSERT INTO auth_permission VALUES(54,14,'change_curriculumsbuttons','Can change Кнопки внеучебной деятельности');
INSERT INTO auth_permission VALUES(55,14,'delete_curriculumsbuttons','Can delete Кнопки внеучебной деятельности');
INSERT INTO auth_permission VALUES(56,14,'view_curriculumsbuttons','Can view Кнопки внеучебной деятельности');
INSERT INTO auth_permission VALUES(57,15,'add_subcurriculumsbuttons','Can add Направления внеучебной деятельности');
INSERT INTO auth_permission VALUES(58,15,'change_subcurriculumsbuttons','Can change Направления внеучебной деятельности');
INSERT INTO auth_permission VALUES(59,15,'delete_subcurriculumsbuttons','Can delete Направления внеучебной деятельности');
INSERT INTO auth_permission VALUES(60,15,'view_subcurriculumsbuttons','Can view Направления внеучебной деятельности');
INSERT INTO auth_permission VALUES(61,16,'add_subsubcurriculumsbuttons','Can add Секции у Направления');
INSERT INTO auth_permission VALUES(62,16,'change_subsubcurriculumsbuttons','Can change Секции у Направления');
INSERT INTO auth_permission VALUES(63,16,'delete_subsubcurriculumsbuttons','Can delete Секции у Направления');
INSERT INTO auth_permission VALUES(64,16,'view_subsubcurriculumsbuttons','Can view Секции у Направления');
INSERT INTO auth_permission VALUES(65,17,'add_image','Can add image');
INSERT INTO auth_permission VALUES(66,17,'change_image','Can change image');
INSERT INTO auth_permission VALUES(67,17,'delete_image','Can delete image');
INSERT INTO auth_permission VALUES(68,17,'view_image','Can view image');
INSERT INTO auth_permission VALUES(69,18,'add_pollsimage','Can add Скрины опросников');
INSERT INTO auth_permission VALUES(70,18,'change_pollsimage','Can change Скрины опросников');
INSERT INTO auth_permission VALUES(71,18,'delete_pollsimage','Can delete Скрины опросников');
INSERT INTO auth_permission VALUES(72,18,'view_pollsimage','Can view Скрины опросников');
INSERT INTO auth_permission VALUES(73,19,'add_eldermessagebuttons','Can add Кнопки к сообщению онлайн старосты --- Темы');
INSERT INTO auth_permission VALUES(74,19,'change_eldermessagebuttons','Can change Кнопки к сообщению онлайн старосты --- Темы');
INSERT INTO auth_permission VALUES(75,19,'delete_eldermessagebuttons','Can delete Кнопки к сообщению онлайн старосты --- Темы');
INSERT INTO auth_permission VALUES(76,19,'view_eldermessagebuttons','Can view Кнопки к сообщению онлайн старосты --- Темы');
INSERT INTO auth_permission VALUES(77,20,'add_eldermessage','Can add Сообщение Онлайн Старосты');
INSERT INTO auth_permission VALUES(78,20,'change_eldermessage','Can change Сообщение Онлайн Старосты');
INSERT INTO auth_permission VALUES(79,20,'delete_eldermessage','Can delete Сообщение Онлайн Старосты');
INSERT INTO auth_permission VALUES(80,20,'view_eldermessage','Can view Сообщение Онлайн Старосты');
INSERT INTO auth_permission VALUES(81,21,'add_subeldermessagebuttons','Can add Кнопки к Подтемам');
INSERT INTO auth_permission VALUES(82,21,'change_subeldermessagebuttons','Can change Кнопки к Подтемам');
INSERT INTO auth_permission VALUES(83,21,'delete_subeldermessagebuttons','Can delete Кнопки к Подтемам');
INSERT INTO auth_permission VALUES(84,21,'view_subeldermessagebuttons','Can view Кнопки к Подтемам');
INSERT INTO auth_permission VALUES(85,22,'add_subsubeldermessagebuttons','Can add ПодПодтемы');
INSERT INTO auth_permission VALUES(86,22,'change_subsubeldermessagebuttons','Can change ПодПодтемы');
INSERT INTO auth_permission VALUES(87,22,'delete_subsubeldermessagebuttons','Can delete ПодПодтемы');
INSERT INTO auth_permission VALUES(88,22,'view_subsubeldermessagebuttons','Can view ПодПодтемы');
CREATE TABLE IF NOT EXISTS "auth_group" ("id" integer NOT NULL PRIMARY KEY AUTOINCREMENT, "name" varchar(150) NOT NULL UNIQUE);
CREATE TABLE IF NOT EXISTS "auth_user" ("id" integer NOT NULL PRIMARY KEY AUTOINCREMENT, "password" varchar(128) NOT NULL, "last_login" datetime NULL, "is_superuser" bool NOT NULL, "username" varchar(150) NOT NULL UNIQUE, "last_name" varchar(150) NOT NULL, "email" varchar(254) NOT NULL, "is_staff" bool NOT NULL, "is_active" bool NOT NULL, "date_joined" datetime NOT NULL, "first_name" varchar(150) NOT NULL);
INSERT INTO auth_user VALUES(1,'pbkdf2_sha256$600000$9MmVqZDvFWxAYuBa6qw0C9$T4KtvXOCMTAR3/djJzjtjLqz7rBtflUZ7bbMd9oWmOY=','2024-07-30 07:24:26.296689',1,'betyaevilya','','betyaev.ilya2004@gmail.com',1,1,'2024-07-07 16:35:41.712908','');
INSERT INTO auth_user VALUES(2,'pbkdf2_sha256$600000$VOov6LkqaM0lhial3Lqrrf$J219YOscsdr3I73X9OBn7ns0R5cSHjIUZOxpsFSF5Ic=','2024-07-29 10:55:47.136657',1,'semen.dubchak','','',1,1,'2024-07-28 13:11:53','');
INSERT INTO auth_user VALUES(3,'pbkdf2_sha256$600000$rFn1Tx3tKO0fqdIJTTZate$QozzoX2yKZ2pTcS/QzqQe/oleGTym6tiNQSQUFWd484=','2024-07-29 10:43:06.610792',1,'admin','','admin@admin.com',1,1,'2024-07-29 10:05:29.685510','');
CREATE TABLE IF NOT EXISTS "django_session" ("session_key" varchar(40) NOT NULL PRIMARY KEY, "session_data" text NOT NULL, "expire_date" datetime NOT NULL);
INSERT INTO django_session VALUES('qcs007d8vd684tyzvevw9ddfd1f4hs27','.eJxVjMsOwiAQRf-FtSGF8hhcuvcbyMxApWogKe3K-O_apAvd3nPOfYmI21ri1vMS5yTOQonT70bIj1x3kO5Yb01yq-syk9wVedAury3l5-Vw_w4K9vKtmYJ2GhxwVt6wygFHB8ZrC5q8HhHsQEbbBA6Bh4nJOAtkwsSYXLbi_QHFyDeF:1sQUzS:7zQyxIxNz4Fblhwm-AYEyrxZLAECBh-OoboQVYzioLQ','2024-07-21 16:43:54.772505');
INSERT INTO django_session VALUES('27gq4bt9frueemfyhw1re88n0ckywwri','.eJxVjMsOwiAQRf-FtSGF8hhcuvcbyMxApWogKe3K-O_apAvd3nPOfYmI21ri1vMS5yTOQonT70bIj1x3kO5Yb01yq-syk9wVedAury3l5-Vw_w4K9vKtmYJ2GhxwVt6wygFHB8ZrC5q8HhHsQEbbBA6Bh4nJOAtkwsSYXLbi_QHFyDeF:1sW7Tk:8dfKlDQJM5ihop9inhvdqiYkXlcp6Lm2d3hkzN8NorM','2024-08-06 04:50:24.291868');
INSERT INTO django_session VALUES('mq4mj202r2400s1lduc5lj8up98sgfif','.eJxVjMsOwiAQRf-FtSGF8hhcuvcbyMxApWogKe3K-O_apAvd3nPOfYmI21ri1vMS5yTOQonT70bIj1x3kO5Yb01yq-syk9wVedAury3l5-Vw_w4K9vKtmYJ2GhxwVt6wygFHB8ZrC5q8HhHsQEbbBA6Bh4nJOAtkwsSYXLbi_QHFyDeF:1sWELr:I99Y5s6vQuRmQLMzN2Bj-DN5CdUNu4em7f7biiUsLV0','2024-08-06 12:10:43.315905');
INSERT INTO django_session VALUES('46sndrddx0ihunnj20cv1rfsnsazssfr','.eJxVjEEOgjAURO_StWk-baHWpXvO0Pz-joKaklBYGe8uJCx0NcmbN_NWkddliGvFHMesLsqq0y9LLE-UvcgPLvdJy1SWeUx6V_TRVt1PGa_r4f4dDFyHbW3O7AKEcnDtFo6sbRoWunWeEIAkTixMIGyga-CtmDa3sJQ8QEF9vt6XN8Y:1sYNGD:fFfi9D2GlghHEu_ibYYcv6fnk0LycaQn3NuNkdo7hEA','2024-08-12 10:05:45.070465');
INSERT INTO django_session VALUES('2zq4s2z71rc9la8l78efiiopidgtokze','.eJxVjEEOgjAURO_StWk-baHWpXvO0Pz-joKaklBYGe8uJCx0NcmbN_NWkddliGvFHMesLsqq0y9LLE-UvcgPLvdJy1SWeUx6V_TRVt1PGa_r4f4dDFyHbW3O7AKEcnDtFo6sbRoWunWeEIAkTixMIGyga-CtmDa3sJQ8QEF9vt6XN8Y:1sYNqM:_6h3rU44yYcHuB8GkceFYQ_FR-f6_5gc79kAKfmlBsE','2024-08-12 10:43:06.616306');
INSERT INTO django_session VALUES('57r6jnlqzxwjk64sbz3jzp4b5qlokpqr','.eJxVjMsOwiAQRf-FtSGF8hhcuvcbyMxApWogKe3K-O_apAvd3nPOfYmI21ri1vMS5yTOQonT70bIj1x3kO5Yb01yq-syk9wVedAury3l5-Vw_w4K9vKtmYJ2GhxwVt6wygFHB8ZrC5q8HhHsQEbbBA6Bh4nJOAtkwsSYXLbi_QHFyDeF:1sYNvv:olpDYDG2A9PUtMxRYxAbxx7QWkK9h4eUqQ6OXvOPwkQ','2024-08-12 10:48:51.262488');
INSERT INTO django_session VALUES('foucolt7s30sxk12g6a5hg5s9tfwoois','.eJxVjEEOwiAQRe_C2pAOBQou3XsGMgODVA0kpV0Z765NutDtf-_9lwi4rSVsnZcwJ3EWSpx-N8L44LqDdMd6azK2ui4zyV2RB-3y2hI_L4f7d1Cwl29tYEx2tBx18gTgNFtWiDEni9noPNqM0Q-GMjCQcx6U8WwGcjwB8STeH_dHOGs:1sYO2d:zdZ5bJTGOxNH0ISlXfeK1X-RJPOlWXCEW8nRNeVYYLo','2024-08-12 10:55:47.139573');
INSERT INTO django_session VALUES('uwlvhdpu0kjgmfwrquibn2debckzxw8n','.eJxVjMsOwiAQRf-FtSGF8hhcuvcbyMxApWogKe3K-O_apAvd3nPOfYmI21ri1vMS5yTOQonT70bIj1x3kO5Yb01yq-syk9wVedAury3l5-Vw_w4K9vKtmYJ2GhxwVt6wygFHB8ZrC5q8HhHsQEbbBA6Bh4nJOAtkwsSYXLbi_QHFyDeF:1sYhDe:mGHmnB4JRYL6IXSRiiE7mljM8BArsCuavsD0tb3zEss','2024-08-13 07:24:26.300620');
CREATE TABLE IF NOT EXISTS "users_studentraw" ("id" integer NOT NULL PRIMARY KEY AUTOINCREMENT, "first_name" varchar(100) NOT NULL, "second_name" varchar(100) NOT NULL, "third_name" varchar(100) NOT NULL, "auth_number" varchar(11) NOT NULL);
INSERT INTO users_studentraw VALUES(1,'Илья','Бетяев','Александрович','123123123');
INSERT INTO users_studentraw VALUES(2,'Семен','Дубчак','НеЗнаюКакТебяПоБатюшке','111111111');
INSERT INTO users_studentraw VALUES(3,'Владислава','Белякова','Сергеевна','222222222');
CREATE TABLE IF NOT EXISTS "users_botuser" ("id" integer NOT NULL PRIMARY KEY AUTOINCREMENT, "first_name" varchar(100) NOT NULL, "second_name" varchar(100) NOT NULL, "third_name" varchar(100) NOT NULL, "auth_number" varchar(11) NOT NULL, "is_auth" bool NOT NULL, "course" varchar(1) NOT NULL, "user_id" bigint unsigned NOT NULL UNIQUE CHECK ("user_id" >= 0));
INSERT INTO users_botuser VALUES(3,'Семен','Дубчак','НеЗнаюКакТебяПоБатюшке','111111111',1,'',1709193520);
INSERT INTO users_botuser VALUES(4,'Илья','Бетяев','Александрович','123123123',1,'',566563049);
INSERT INTO users_botuser VALUES(5,'Ksenia','','','',0,'',469513811);
INSERT INTO users_botuser VALUES(6,'Владислава','Белякова','Сергеевна','222222222',1,'',299939034);
INSERT INTO users_botuser VALUES(7,'Марк','','','',0,'',352109909);
INSERT INTO users_botuser VALUES(8,'Владислава','','','',0,'',233918875);
INSERT INTO users_botuser VALUES(9,'Васильев','','','',0,'',285985914);
INSERT INTO users_botuser VALUES(10,'Егор','','','',0,'',6779418171);
INSERT INTO users_botuser VALUES(11,'Таня🤍','','','',0,'',1152864230);
INSERT INTO users_botuser VALUES(12,'Рустам Абасов','','','',0,'',677168454);
INSERT INTO users_botuser VALUES(13,'санчао','','','',0,'',909778482);
INSERT INTO users_botuser VALUES(14,'Тория','','','',0,'',676817137);
INSERT INTO users_botuser VALUES(15,'MILENAA','','','',0,'',972672618);
INSERT INTO users_botuser VALUES(16,'Амина','','','',0,'',924683792);
INSERT INTO users_botuser VALUES(17,'Alexey','','','',0,'',503895039);
INSERT INTO users_botuser VALUES(18,'Марина','','','',0,'',306314795);
INSERT INTO users_botuser VALUES(19,'Natalya','','','',0,'',875390703);
INSERT INTO users_botuser VALUES(20,'Махасти','','','',0,'',2099826903);
INSERT INTO users_botuser VALUES(21,'stanisloves','','','',0,'',172998149);
INSERT INTO users_botuser VALUES(22,'Fuad','','','',0,'',873186716);
INSERT INTO users_botuser VALUES(23,'Shiva','','','',0,'',6664122291);
INSERT INTO users_botuser VALUES(24,'Alireza','','','',0,'',285312232);
INSERT INTO users_botuser VALUES(25,'Олег','','','',0,'',722943695);
INSERT INTO users_botuser VALUES(26,'Арман','','','',0,'',1147422560);
INSERT INTO users_botuser VALUES(27,'Мишаня','','','',0,'',423214130);
INSERT INTO users_botuser VALUES(28,'Глеб','','','',0,'',500784473);
INSERT INTO users_botuser VALUES(29,'Элина','','','',0,'',1130225716);
INSERT INTO users_botuser VALUES(30,'Анна','','','',0,'',1144178411);
INSERT INTO users_botuser VALUES(31,'Манучехр','','','',0,'',1144915148);
INSERT INTO users_botuser VALUES(32,'Александра','','','',0,'',474823992);
INSERT INTO users_botuser VALUES(33,'Polina','','','',0,'',433255152);
INSERT INTO users_botuser VALUES(34,'Андрей','','','',0,'',570204871);
INSERT INTO users_botuser VALUES(35,'Илья','','','',0,'',353781486);
INSERT INTO users_botuser VALUES(36,'Софья Савина','','','',0,'',549543029);
INSERT INTO users_botuser VALUES(37,'Oh.my.lol','','','',0,'',1012022438);
INSERT INTO users_botuser VALUES(38,'Аnnie','','','',0,'',1503201210);
INSERT INTO users_botuser VALUES(39,'Анастасия🤭','','','',0,'',622837961);
INSERT INTO users_botuser VALUES(40,'Mikle','','','',0,'',459171101);
INSERT INTO users_botuser VALUES(41,'maskktv','','','',0,'',1066594480);
INSERT INTO users_botuser VALUES(42,'Z_im_Z','','','',0,'',864318768);
INSERT INTO users_botuser VALUES(43,'Жан-Эль','','','',0,'',938023442);
INSERT INTO users_botuser VALUES(44,'Илья','','','',0,'',457521863);
INSERT INTO users_botuser VALUES(45,'Михаил','','','',0,'',518787739);
INSERT INTO users_botuser VALUES(46,'Наталия','','','',0,'',1110429377);
INSERT INTO users_botuser VALUES(47,'Yantar','','','',0,'',816844652);
INSERT INTO users_botuser VALUES(48,'Вадим','','','',0,'',881079239);
INSERT INTO users_botuser VALUES(49,'Vel','','','',0,'',1130073833);
CREATE TABLE IF NOT EXISTS "tg_messages_curriculumsmessage" ("id" integer NOT NULL PRIMARY KEY AUTOINCREMENT, "title" varchar(400) NOT NULL, "message" text NOT NULL, "state" varchar(1) NOT NULL);
INSERT INTO tg_messages_curriculumsmessage VALUES(1,'Главное сообщение','Это раздел по внеучебной деятельности','A');
CREATE TABLE IF NOT EXISTS "tg_messages_mainmessage" ("id" integer NOT NULL PRIMARY KEY AUTOINCREMENT, "title" varchar(400) NOT NULL, "message" text NOT NULL, "image" varchar(100) NOT NULL, "state" varchar(1) NOT NULL);
INSERT INTO tg_messages_mainmessage VALUES(1,'Главное сообщение','Наши функции','','A');
CREATE TABLE IF NOT EXISTS "tg_messages_registrationmessage" ("id" integer NOT NULL PRIMARY KEY AUTOINCREMENT, "title" varchar(400) NOT NULL, "message" text NOT NULL, "image" varchar(100) NOT NULL, "state" varchar(1) NOT NULL);
INSERT INTO tg_messages_registrationmessage VALUES(1,'Главное сообщение','Введите ваш Личный Номер. Его можно найти в ks.rsmu.ru личном кабинете студента','','A');
CREATE TABLE IF NOT EXISTS "tg_messages_unknownmessage" ("id" integer NOT NULL PRIMARY KEY AUTOINCREMENT, "title" varchar(400) NOT NULL, "message" text NOT NULL, "image" varchar(100) NOT NULL, "state" varchar(1) NOT NULL);
CREATE TABLE IF NOT EXISTS "tg_messages_welcomemessage" ("id" integer NOT NULL PRIMARY KEY AUTOINCREMENT, "title" varchar(400) NOT NULL, "message" text NOT NULL, "image" varchar(100) NOT NULL, "state" varchar(1) NOT NULL);
INSERT INTO tg_messages_welcomemessage VALUES(1,'Главное сообщение','Привет. Это бот РНИМУ','registration_img/rsmu.jpg','A');
CREATE TABLE IF NOT EXISTS "tg_messages_curriculumsbuttons" ("id" integer NOT NULL PRIMARY KEY AUTOINCREMENT, "title" varchar(400) NOT NULL, "message" text NOT NULL, "image" varchar(100) NOT NULL, "state" varchar(1) NOT NULL, "curriculums_message_id" bigint NOT NULL REFERENCES "tg_messages_curriculumsmessage" ("id") DEFERRABLE INITIALLY DEFERRED);
INSERT INTO tg_messages_curriculumsbuttons VALUES(1,'Спортклуб',replace(replace('Привет, друзья! 🌟 \r\n\r\n\r\nДобро пожаловать в наш спортивный клуб РНИМУ! Здесь вы найдете множество захватывающих секций, где можно заниматься спортом, совершенствовать свои навыки и заводить новых друзей! \r\n\r\nПрисоединяйтесь к нам, если хотите провести время с пользой, улучшить физическую форму и стать частью дружной команды! 🌟🔥 \r\n\r\nhttps://vk.com/sportclub_rnimu\r\n\r\nhttps://rsmu.ru/facilities/sport/sport-club/','\r',char(13)),'\n',char(10)),'curriculumsbuttons_img/TAuc-1YqsGY.jpg','A',1);
INSERT INTO tg_messages_curriculumsbuttons VALUES(2,'СНО','Все про СНО. Далее логика такая же везде','curriculumsbuttons_img/chel_v_dote_xPn8eZn.jpg','A',1);
INSERT INTO tg_messages_curriculumsbuttons VALUES(3,'Землячество',replace(replace('ССЗ - это направление внеучебной деятельности, которое объединяет студентов разных стран и народностей. Это большая семья, в которой тепло и уютно, вкусно и атмосферно, кажется, что и не уезжал из дома.\r\n\r\nНа сегодняшний день в состав ССЗ входят 23 землячества, и их число растет с каждым годом!\r\n\r\n🤝Мы помогаем студентам освоиться в новой для них культурной и студенческой среде, создаем комфортные условия для реализации и развития их идей.\r\n\r\nПредседатель ССЗ: https://vk.com/en.salya\r\n\r\nСсылка на сообщество VK: https://vk.com/zemlyachestva_rnimu','\r',char(13)),'\n',char(10)),'curriculumsbuttons_img/pHbVh4dwqNU.jpg','A',1);
INSERT INTO tg_messages_curriculumsbuttons VALUES(4,'Тьюторство',replace(replace('Тьютор — это наставник, который помогает им в освоении новых предметов и адаптации в нашем университете, делает студенческую жизнь понятнее, легче и интереснее.\r\n\r\nНаше Движение включает 3 направления тьюторов:\r\n● тьютор академической группы\r\n● тьютор-преподаватель\r\n● тьютор общежития','\r',char(13)),'\n',char(10)),'curriculumsbuttons_img/O_NblryCnqo_PXQpxm7.jpg','A',1);
INSERT INTO tg_messages_curriculumsbuttons VALUES(5,'Донорство',replace(replace('На протяжении многих лет РНИМУ им. Н.И. Пирогова является \r\nпризнанным лидером в области студенческого донорского движения.\r\nДонорство – это исключительная возможность подарить свою кровь \r\nнезнакомому человеку, который в ней нуждается и спасти его жизнь. \r\nИскусственной альтернативы продуктам крови на данный момент не \r\nсуществует. \r\nПожертвованная донорами кровь используется при сложных операциях \r\nили родах, кровотечениях, тяжелых травмах, ожогах и других заболеваниях. \r\nКровь одного донора разделяется на компоненты и благодаря этому может \r\nспасти жизнь 4-5 пациентам.\r\nВ нашем университете можно как стать донором крови и её \r\nкомпонентов, так и вступить в регистр доноров костного мозга.','\r',char(13)),'\n',char(10)),'curriculumsbuttons_img/FXz1OaVa9mg.jpg','A',1);
INSERT INTO tg_messages_curriculumsbuttons VALUES(6,'Волонтёрство',replace(replace('Мы хотим познакомить вас с Волонтерским центром нашего университета🌟\r\n\r\nВолонтерский центр - это:\r\n➢ 8 направлений волонтерской деятельности\r\n➢ более 800 волонтеров\r\n➢ более 10 школ-партнеров\r\n➢ 6 фондов-партнеров\r\n➢ помощь детским больницам\r\n➢ помощь взрослым больницам\r\n➢ помощь школам-интернатам/детским домам\r\n\r\n\r\nМы занимаемся социальным, событийным, спортивным, культурным, медицинским и экологическим,образовательным и патриотическим волонтёрством. \r\nУ нас каждый сможет найти для себя что-то интересное!\r\n\r\n\r\nЗа более подробной информацией обращайтесь в группу Волонтерского центра РНИМУ имени Н.И. Пирогова 📝\r\n\r\nhttps://vk.com/volrnimu 📍\r\n\r\nМы ждем тебя в состав нашей доброй команды!','\r',char(13)),'\n',char(10)),'curriculumsbuttons_img/изображение_2024-08-06_125718537.png','A',1);
INSERT INTO tg_messages_curriculumsbuttons VALUES(7,'7','7','','A',1);
INSERT INTO tg_messages_curriculumsbuttons VALUES(8,'8','8','','A',1);
INSERT INTO tg_messages_curriculumsbuttons VALUES(9,'9','9','','A',1);
CREATE TABLE IF NOT EXISTS "tg_messages_subcurriculumsbuttons" ("id" integer NOT NULL PRIMARY KEY AUTOINCREMENT, "title" varchar(400) NOT NULL, "message" text NOT NULL, "image" varchar(100) NOT NULL, "link" varchar(400) NOT NULL, "state" varchar(1) NOT NULL, "curriculums_buttons_id" bigint NOT NULL REFERENCES "tg_messages_curriculumsbuttons" ("id") DEFERRABLE INITIALLY DEFERRED);
INSERT INTO tg_messages_subcurriculumsbuttons VALUES(1,'Киберспорт',replace(replace('Добро пожаловать в секцию киберспорта РНИМУ - CYBER RNM! Наша секция основывается на популярнейших дисциплинах киберспорта. Студенты имеют несколько опций присутствия в секции:\r\n\r\n1) Спорт высоких достижений - участники турниров и лучшие в киберспорте\r\n\r\n2) Развитие и поддержка - запасные игроки для основных составов сборных\r\n\r\n3) Обучения киберспорту - люди обучающиеся той или иной дисциплине\r\n\r\n4) Активист секции - группа людей,которая организует мероприятия\r\n\r\nОзнакомься с каждым из направлений и выбери дисциплину','\r',char(13)),'\n',char(10)),'subcurriculumsbuttons_img/photo_2024-02-09_09-30-06.jpg','https://vk.com/cyberrnimu','A',1);
INSERT INTO tg_messages_subcurriculumsbuttons VALUES(2,'Академическая гребля',replace(replace('Команда и секция РНИМУ по академической гребле — это гораздо большее, чем просто студенты, собравшиеся погрести! Помимо того, что мы помогаем улучшить физическую форму, укрепить здоровье и показываем классные результаты, мы в первую очередь большой дружный коллектив, который с теплом принимает новых спортсменов в свою команду ❤️\r\n\r\nВо время учебного года у нас регулярно проходят открытые тренировки, о которых вы можете узнать в нашей группе ВКонтакте (https://vk.com/pirogovka_row) 🧑‍💻 \r\n\r\nУ нас есть два сезона:\r\n\r\n⏩ Летний\r\nВ рамках него сборная преимущественно тренируется в лодке на гребном канале в Крылатском. \r\n\r\n⏩ Зимний\r\nВ зимнем сезоне тренировки проходят в Спорткомплексе РНИМУ на гребных тренажерах. С сентября тренировки проходят в понедельник, среду, пятницу в 17:00. \r\n\r\nНаш тренер — МСМК по академической гребле, Сафонкин Павел Сергеевич.\r\n\r\nКапитаны: Илья Бектяшкин и Настя Козерадская. Им можно написать и узнать всю актуальную информацию\r\n\r\nДо встречи, друзья! Ваша @pirogovka_row 💜','\r',char(13)),'\n',char(10)),'subcurriculumsbuttons_img/At0cgM0235E.jpg','https://vk.com/pirogovka_row','A',1);
INSERT INTO tg_messages_subcurriculumsbuttons VALUES(3,'Мини-футбол',replace(replace('Рады представить вам студенческую секцию мини-футбола РНИМУ! Наш клуб — это место, где студенты могут активно заниматься любимым видом спорта, улучшать свои навыки и находить новых друзей. \r\n\r\n \r\n\r\nЧто меня ждет? \r\n\r\n🔹 Тренировки по мини-футболу \r\n\r\n🔹 Разработка тактики и командной игры \r\n\r\n🔹 Участие в университетских и межвузовских турнирах \r\n\r\n🔹 Организация дружеских матчей и совместных мероприятий \r\n\r\n \r\n\r\nКогда и где проходят тренировки? \r\n\r\n📅 Тренировки проводятся в понедельник, среду и пятницу \r\n\r\n🕔 Время: с 19:00 до 21:00 \r\n\r\n📍 Место: Спортивный комплекс РНИМУ, главный зал \r\n\r\n \r\n\r\nКонтактное лицо: \r\n\r\n📞Бади Хатем - капитан мужской команды https://vk.com/bvdy_hvtew \r\n\r\nАлександр Дмитренко - зам капитана мужской команды https://vk.com/sourforest \r\n\r\nЕкатерина Григорьева - капитан женской команды https://vk.com/katya_31','\r',char(13)),'\n',char(10)),'subcurriculumsbuttons_img/YHA7ix-MPgQ_VI32XVL.jpg','https://vk.com/minifoot_rsmu','A',1);
INSERT INTO tg_messages_subcurriculumsbuttons VALUES(4,'1','1','','','A',2);
INSERT INTO tg_messages_subcurriculumsbuttons VALUES(7,'Абхазия','Ссылка на сообщество VK','subcurriculumsbuttons_img/0zQicVgaZWg_q7pWT6Q.jpg','https://vk.com/public212065356','A',3);
INSERT INTO tg_messages_subcurriculumsbuttons VALUES(8,'Адыгея','Ссылка на сообщество VK','subcurriculumsbuttons_img/7aW7Ng2wxtU_lQIs5PJ.jpg','https://vk.com/club211910195','A',3);
INSERT INTO tg_messages_subcurriculumsbuttons VALUES(9,'Азербайджан','Ссылка на сообщество VK','subcurriculumsbuttons_img/OwNMPyErfQ8.jpg','https://vk.com/public212574749','A',3);
INSERT INTO tg_messages_subcurriculumsbuttons VALUES(10,'Аравия','Ссылка на сообщество VK','subcurriculumsbuttons_img/W4-kDWl0YTY.jpg','https://vk.com/club213234925','A',3);
INSERT INTO tg_messages_subcurriculumsbuttons VALUES(11,'Армения','Ссылка на сообщество VK','subcurriculumsbuttons_img/SMK4-P_Znjw.jpg','https://vk.com/club29818628','A',3);
INSERT INTO tg_messages_subcurriculumsbuttons VALUES(12,'Башкирия','Ссылка на сообщество VK','subcurriculumsbuttons_img/Nl3x5fiqkIM.jpg','https://vk.com/bash_rnimu','A',3);
INSERT INTO tg_messages_subcurriculumsbuttons VALUES(13,'Вьетнам','Ссылка на сообщество VK','subcurriculumsbuttons_img/vxkWso3TwtQ.jpg','https://vk.com/public215371092','A',3);
INSERT INTO tg_messages_subcurriculumsbuttons VALUES(14,'Грузия','Ссылка на сообщество VK','subcurriculumsbuttons_img/KtlNZRlz8j8.jpg','https://vk.com/georgia_rnimu','A',3);
INSERT INTO tg_messages_subcurriculumsbuttons VALUES(15,'Дагестан','Ссылка на сообщество VK','subcurriculumsbuttons_img/pdSVmH4uVng_1.jpg','https://vk.com/club212433632','A',3);
INSERT INTO tg_messages_subcurriculumsbuttons VALUES(16,'Еврейское','Ссылка на сообщество VK','subcurriculumsbuttons_img/NCas_SaEn3s.jpg','https://vk.com/club153459990','A',3);
INSERT INTO tg_messages_subcurriculumsbuttons VALUES(17,'Ингушетия','Ссылка на сообщество VK','subcurriculumsbuttons_img/3IzJU3IoTDk.jpg','https://vk.com/ingushirnimu','A',3);
INSERT INTO tg_messages_subcurriculumsbuttons VALUES(18,'Казахстан','Ссылка на сообщество VK','subcurriculumsbuttons_img/D2YzGf3XwuQ.jpg','https://vk.com/club215385707','A',3);
INSERT INTO tg_messages_subcurriculumsbuttons VALUES(19,'Карачаево-Балкарское','Ссылка на сообщество VK','subcurriculumsbuttons_img/kRO6QDt1gOk.jpg','https://vk.com/public212436198','A',3);
INSERT INTO tg_messages_subcurriculumsbuttons VALUES(20,'Белоруссия','Ссылка на сообщество VK','subcurriculumsbuttons_img/sijKbLbc6Io.jpg','https://vk.com/belarus_in_rnimu','A',3);
INSERT INTO tg_messages_subcurriculumsbuttons VALUES(21,'Кыргизия','Ссылка на сообщество VK','subcurriculumsbuttons_img/RDg0qmsbz08.jpg','https://vk.com/club211941114','A',3);
INSERT INTO tg_messages_subcurriculumsbuttons VALUES(22,'Молдавия','Ссылка на сообщество VK','subcurriculumsbuttons_img/mghzJqJWKU8.jpg','https://vk.com/club215372579','A',3);
INSERT INTO tg_messages_subcurriculumsbuttons VALUES(23,'Ногай','Ссылка на сообщество VK','subcurriculumsbuttons_img/NZUwTj2A1BU.jpg','https://vk.com/club215372348','A',3);
INSERT INTO tg_messages_subcurriculumsbuttons VALUES(24,'Осетия','Ссылка на сообщество VK','subcurriculumsbuttons_img/Jlge941ZI8s.jpg','https://vk.com/club130916918','A',3);
INSERT INTO tg_messages_subcurriculumsbuttons VALUES(25,'Таджикистан','Ссылка на сообщество VK','subcurriculumsbuttons_img/qgYOR-ga34k.jpg','https://vk.com/club212143213','A',3);
INSERT INTO tg_messages_subcurriculumsbuttons VALUES(26,'Татарстан','Ссылка на сообщество VK','subcurriculumsbuttons_img/-XeHJGDT1wI.jpg','https://vk.com/club80929820','A',3);
INSERT INTO tg_messages_subcurriculumsbuttons VALUES(27,'Туркменистан','Ссылка на сообщество VK','subcurriculumsbuttons_img/QtCisGrhZKo.jpg','https://vk.com/club211475606','A',3);
INSERT INTO tg_messages_subcurriculumsbuttons VALUES(28,'Узбекистан','Ссылка на сообщество VK','subcurriculumsbuttons_img/0k2hGH_E8rk.jpg','https://vk.com/club215364365','A',3);
INSERT INTO tg_messages_subcurriculumsbuttons VALUES(29,'Чечня','Ссылка на сообщество VK','subcurriculumsbuttons_img/vra0zGxX6s8.jpg','https://vk.com/club212066600','A',3);
INSERT INTO tg_messages_subcurriculumsbuttons VALUES(30,'Хочу стать тьютором!',replace(replace('Хочешь стать тьютором?\r\nНабор в Тьюторское движение проходит ежегодно в конце февраля — начале марта. Обучение \r\nсостоит из трех этапов:\r\n- личного собеседования;\r\n- блока лекций, тренингов и поточных тестирований;\r\n- аттестации на базе отдыха РНИМУ им. Н.И. Пирогова «Конаково».\r\nВажно!\r\nТьютором-преподавателем может стать студент, завершивший обучение на кафедре, после \r\nподтверждения своих знаний.\r\nТьютором-общежития может стать студент, который более года проживает в общежитии.\r\nСчитаешь что тебе это подходит, тогда скорее пиши в группу, где тебе помогут проявить себя в \r\nэтом движении!','\r',char(13)),'\n',char(10)),'subcurriculumsbuttons_img/O_NblryCnqo.jpg','https://vk.com/rnimu_pirogov_tutors','A',4);
INSERT INTO tg_messages_subcurriculumsbuttons VALUES(31,'Направления тьюторства',replace(replace('- Тьюторы академических групп\r\nЭто студенты старших курсов, которые занимаются непосредственно адаптацией первокурсников. \r\nОни ведут группу в течение первого года обучения, помогая сгладить трудный переход из \r\nшкольной жизни в студенческую.\r\nИменно они являются «навигаторами» первокурсников в университетской жизни, готовые \r\nответить на все вопросы молодого поколения.\r\n\r\n- Тьюторы-преподаватели\r\nПроводят занятия по 5 предметам: анатомии, гистологии, химии, биологии и топографической \r\nанатоми\r\nТьюторы находят индивидуальный подход к каждому студенту, чтобы доступно объяснить \r\nматериал, отвечают на затруднительные вопросы и помогают углубиться в дисциплину, для этого \r\nони проходят дополнительный экзамен на кафедре по выбранному им предмету.\r\n\r\n- Тьюторы общежитий\r\nЭто студенты, которые помогают адаптироваться к жизни в общежитии.\r\nОни оказывают информационную поддержку, организация неформальных встреч, направленных \r\nна знакомство и сплочение ребят, в пространствах общежития, а также связь с администрацией \r\nобщежития.','\r',char(13)),'\n',char(10)),'subcurriculumsbuttons_img/w-R-seSrk7o.jpg','https://vk.com/rnimu_pirogov_tutors','A',4);
INSERT INTO tg_messages_subcurriculumsbuttons VALUES(32,'Кто может стать донором?',replace(replace('Вы можете стать донором, если:\r\n• Вы здоровы, не являетесь носителем инфекций, у вас нет \r\nпротивопоказаний\r\n• Ваш вес не меньше 50 кг\r\n• Ваш возраст от 18 лет','\r',char(13)),'\n',char(10)),'subcurriculumsbuttons_img/донорство_рниму.jpg','https://donor.rsmu.ru','A',5);
INSERT INTO tg_messages_subcurriculumsbuttons VALUES(33,'Противопоказания',replace(replace('Противопоказания к донорству крови, её компонентов и костного мозга \r\nделятся на постоянные и временные. \r\n\r\nПодробнее о каждом из противопоказаний можете ознакомиться по ссылке снизу!','\r',char(13)),'\n',char(10)),'subcurriculumsbuttons_img/Sexv6zyc8jU.jpg','https://rsmu.ru/index.php?id=2622','A',5);
INSERT INTO tg_messages_subcurriculumsbuttons VALUES(34,'Что еще можно сдать кроме цельной крови?',replace(replace('Кроме цельной крови можно сдать гранулоциты, плазму и тромбоциты. А \r\nтакже можно стать донором костного мозга.\r\n\r\nПодробнее на сайте!','\r',char(13)),'\n',char(10)),'subcurriculumsbuttons_img/858x540_2e9c0e58_7wcj9cu3.jpg','https://donor.rsmu.ru','A',5);
INSERT INTO tg_messages_subcurriculumsbuttons VALUES(35,'Донорство костного мозга',replace(replace('Регистр доноров костного мозга РНИМУ им. Н.И. Пирогова, созданный в \r\n2019 году, является частью Федерального регистра доноров костного мозга. \r\nВ 2019 в Регистр поступали образцы крови в основном студентов \r\nУниверситета. С тех пор к нам присоединилось огромное количество \r\nдобровольцев – потенциальных доноров из различных организаций Москвы. \r\nРНИМУ им. Н.И. Пирогова проводит полный цикл работ в рамках \r\nФедерального регистра: это работа рекрутингового центра, работа \r\nтипирующей лаборатории, центр заготовки костного мозга и центр \r\nтрансплантации','\r',char(13)),'\n',char(10)),'subcurriculumsbuttons_img/81de4212996537d13a7b94705aa1552eb9ed6095.jpg','https://donor.rsmu.ru','A',5);
INSERT INTO tg_messages_subcurriculumsbuttons VALUES(36,'Дресс-код',replace(replace('- Короткие рукава футболок — доступ к локтевой ямке, отсутствует эффект \r\n"дополнительного жгута"\r\n- Свободный воротник — исключить чувство "нехватки воздуха"\r\n- Удобная обувь\r\n- Резинка для волос — волосы собраны и не мешают кроводаче, поддержание \r\nсанитарно-эпидемического состояния\r\n- Нежелательно ношение толстовки или шерстяного свитера — может \r\nвызывать гипертермию\r\n- Ношение юбки или платья — неудобно садиться в донорское кресло','\r',char(13)),'\n',char(10)),'subcurriculumsbuttons_img/донорствощшз.jpg','https://donor.rsmu.ru','A',5);
INSERT INTO tg_messages_subcurriculumsbuttons VALUES(37,'После донации',replace(replace('- 10-15 минут посидеть расслабленно, даже если Вы чувствуете себя хорошо\r\n- В течение часа после донации воздерживаться от курения\r\n- Не снимать повязку 3-4 часа после кроводачи\r\n- Ограничений по вождению автомобиля нет, однако за руль мотоцикла \r\nможно садиться через 2 часа после донации\r\n- В этот день нужно избегать тяжелых физических и спортивных нагрузок, \r\nподъем тяжестей\r\n- Соблюдать питьевой режим — рекомендуется употреблять чуть больше \r\nжидкости, чем обычно в следующие два дня','\r',char(13)),'\n',char(10)),'subcurriculumsbuttons_img/Sexv6zyc8jU_qJrRzj7.jpg','https://donor.rsmu.ru','A',5);
INSERT INTO tg_messages_subcurriculumsbuttons VALUES(38,'Личный кабинет донора',replace(replace('Личный кабинет донора РНИМУ (ЛКД) – система, позволяющая \r\nдистанционно регистрироваться как потенциальный донор на дни кроводачи \r\nв РНИМУ. К вашему приходу на донорскую акцию вы получите готовый \r\nкомплект документов. Это позволит сэкономить Ваше время, сократить \r\nочереди и минимизировать контакты.\r\nЗарегистрируйте свой ЛКД, а чуть позже, перед самой донорской акцией, \r\nвновь зайдите туда и выберете удобные для кроводачи день и время. Сам \r\nпроцесс регистрации ЛКД очень прост.\r\n\r\nСсылка на ЛКД ниже!','\r',char(13)),'\n',char(10)),'subcurriculumsbuttons_img/858x540_2e9c0e58_7wcj9cu3_95ts3Jt.jpg','https://paper.rsmu.ru/donor/user/register','A',5);
INSERT INTO tg_messages_subcurriculumsbuttons VALUES(39,'FAQ',replace(replace('Сколько раз в год можно сдавать цельную кровь?\r\n- До 4 раз для женщин, до 5 раз для мужчин\r\nКакой объем крови можно сдать за 1 раз?\r\n- Объем сдаваемой крови ограничен 450 миллилитрами\r\nСколько по времени занимает донация?\r\n- Обычно не больше 15-20 минут\r\nЧто такое Kell-антиген?\r\n- Это антиген на поверхности эритроцитов, который присутствует менее чем \r\nу 10% населения. Переливание цельной крови от Kell-положительных \r\nдоноров не проводится, так как это приводит к ряду иммунологических \r\nреакций с выработкой антител организмом донора против указанного \r\nантигена. Однако при этом Kell-положительные доноры могут сдавать \r\nплазму, тромбоциты и гранулоциты\r\nПочему важно соблюдать «диету донора»?\r\n- Соблюдение диеты донора помогает избежать хилеза крови. Хилез – это \r\nизбыток триглицеридов (жировых частиц) в сыворотке в связи с \r\nнесоблюдением диеты накануне донации. Хилёзная сыворотка не дает \r\nвозможности выделить составляющие крови. Следовательно, анализ крови \r\nпровести невозможно. Также невозможно использование «жирной» крови \r\nдля переливания пациенту.','\r',char(13)),'\n',char(10)),'subcurriculumsbuttons_img/FXz1OaVa9mg.jpg','https://donor.rsmu.ru','A',5);
INSERT INTO tg_messages_subcurriculumsbuttons VALUES(40,'Организация донорства',replace(replace('Если медицинская комиссия не разрешила вам стать донором крови или \r\nкостного мозга, но очень хочется участвовать в донорском движении, то \r\nможно стать его организатором!\r\nНапишите в официальное сообщество в ВК и вам ответят!\r\nСообщество ВК: https://vk.com/donor_rnimu \r\nКанал в Telegram: https://t.me/donor_rnimu','\r',char(13)),'\n',char(10)),'subcurriculumsbuttons_img/i_6.webp','https://donor.rsmu.ru','A',5);
INSERT INTO tg_messages_subcurriculumsbuttons VALUES(41,'Контакты',replace(replace('Сообщество ВК: https://vk.com/donor_rnimu \r\nКанал в Telegram: https://t.me/donor_rnimu\r\nE-mail: donor@rsmu.ru\r\nТелефоны: +7 (495) 434-27-55;  +7 (977) 555-52-50\r\nАдрес: 117513, г. Москва, ул. Островитянова, дом 1, кабинет 1170','\r',char(13)),'\n',char(10)),'subcurriculumsbuttons_img/Sexv6zyc8jU_d89Vrc1.jpg','https://donor.rsmu.ru','A',5);
INSERT INTO tg_messages_subcurriculumsbuttons VALUES(42,'Бадминтон',replace(replace('Бадминтон — это подвижный и динамичный ракеточный спорт, который помогает развить реакцию и координацию. В бадминтоне важно не только уметь быстро передвигаться, но и предугадывать действия соперника, что делает игру стратегически интересной. \r\n\r\n \r\n\r\nЧто меня ждёт? \r\n\r\n🔹 Тренировки по технике и стратегии игры \r\n\r\n🔹 Спарринги и участие в турнирах \r\n\r\n🔹 Проведение межвузовских чемпионатов \r\n\r\n \r\n\r\nКогда и где проходят тренировки? \r\n\r\n📅 Вторник, четверг \r\n\r\n🕔 Время: с 18:00 до 20:00 \r\n\r\n📍 Место: Спорт клуб РНИМУ \r\n\r\nКонтактное лицо: Тренер: Наталья Михайловна Анохина \r\n\r\nКапитан: Андрей Денисович Хизриев \r\n\r\nСоциальная сеть: https://vk.com/public215666929','\r',char(13)),'\n',char(10)),'subcurriculumsbuttons_img/7OQc_j2RJ6E.jpg','https://vk.com/public215666929','A',1);
INSERT INTO tg_messages_subcurriculumsbuttons VALUES(43,'Бокс',replace(replace('Бокс — это контактный вид спорта, в котором участники соревнуются с помощью ударов кулаками в специально разработанных перчатках. Бокс тренирует реакцию, быстроту и выносливость, а также учит контролировать свои эмоции и держать удар. Этот вид спорта помогает развить силу, гибкость и улучшить общее физическое состояние. \r\n\r\nЧто меня ждёт?  \r\n\r\n🔹 Обучение технике и тактике ведения боя  \r\n\r\n🔹 Спарринги с партнерами и отработка защитных приемов  \r\n\r\n🔹 Участие в соревнованиях и турнирах  \r\n\r\n🔹 Проведение мастер-классов и семинаров от опытных боксеров \r\n\r\nКогда и где проходят тренировки?  \r\n\r\n📅 Понедельник, среда, пятница 🕔 Время: с 19:00 до 21:00  \r\n\r\n Место: Спорт клуб РНИМУ \r\n\r\nКонтактное лицо: Тренер: Алексей Геннадьевич Рагозин \r\n\r\nКуратор: Александр Евгеньевич Клещев \r\n\r\nКапитан: Манучехрджон Мансурджонович Турсунов \r\n\r\nСоциальная сеть: https://vk.com/rnimuboxing','\r',char(13)),'\n',char(10)),'subcurriculumsbuttons_img/l2v3WeLrByQ.jpg','https://vk.com/rnimuboxing','A',1);
INSERT INTO tg_messages_subcurriculumsbuttons VALUES(44,'Большой теннис',replace(replace('Большой теннис — это увлекательный и престижный вид спорта, который развивает координацию, силу и тактическое мышление. Игра на корте помогает улучшить физическую форму и сосредоточенность, а также дарит массу положительных эмоций. \r\n\r\n \r\n\r\nЧто меня ждёт? \r\n\r\n🔹 Тренировки на открытых и закрытых кортах \r\n\r\n🔹 Индивидуальные и групповые занятия \r\n\r\n🔹 Участие в студенческих турнирах и соревнованиях \r\n\r\n \r\n\r\nКогда и где проходят тренировки? \r\n\r\n📅 Вторник, четверг \r\n\r\n🕔 Время: с 17:00 до 19:00 \r\n\r\n📍 Место: Спорт клуб РНИМУ \r\n\r\nКонтактное лицо: Тренер: Виктория Алексеевна Сапожникова, https://t.me/Daedboys, https://vk.com/vikki_sapp \r\n\r\nКапитан: Анастасия Викторовна Блицау, https://vk.com/id507278736, https://t.me/nastena_blits \r\n\r\nСоциальная сеть: https://t.me/+2fu-rCpWvOthNzAy','\r',char(13)),'\n',char(10)),'subcurriculumsbuttons_img/photo_2022-08-29_11-11-05.jpg','https://t.me/+2fu-rCpWvOthNzAy','A',1);
INSERT INTO tg_messages_subcurriculumsbuttons VALUES(45,'Волейбол',replace(replace('Волейбол — это увлекательный и командный вид спорта, который требует хорошей реакции, координации и командной работы. Волейбол развивает физическую форму, улучшает координацию движений и укрепляет дух товарищества. \r\n\r\n \r\n\r\nЧто меня ждёт? \r\n\r\n🔹 Тренировки по технике игры и тактике \r\n\r\n🔹 Участие в межвузовских турнирах и соревнованиях \r\n\r\n🔹 Проведение клубных матчей и тренировок \r\n\r\n \r\n\r\nКогда и где проходят тренировки? \r\n\r\n📅 Понедельник, среда, пятница \r\n\r\n🕔 Время: с 19:00 до 21:00 \r\n\r\n📍 Место: Спорт клуб РНИМУ \r\n\r\nКонтактное лицо: Тренеры: Виктор Алексеевич Савостьянов, Александр Александрович Костенев \r\n\r\nКапитаны: Александр Чаусов, Анастасия Ушакова \r\n\r\nСоциальная сеть: https://vk.com/rnimu_volleyball','\r',char(13)),'\n',char(10)),'subcurriculumsbuttons_img/d3IuDy3ikC0.jpg','https://vk.com/rnimu_volleyball','A',1);
INSERT INTO tg_messages_subcurriculumsbuttons VALUES(46,'Дартс',replace(replace('😎Умеешь играть и ищешь только мишень и подходящее время? Ты обратился по адресу! \r\n\r\n💪Не умеешь держать дротик в руках, но мечтаешь научиться попадать в яблочко 🎯 ? Мы научим всему, что умеем сами (а мы умеем многое)! \r\n\r\n✨Просто хочешь найти интересных людей и завести друзей? Наша секция как нельзя лучше справится с этой задачей!\r\nДержи прицел на дартс!\r\n\r\n🤩Когда и где проходят тренировки: \r\n\r\nТренировки проходят в Спорт клубе РНИМУ\r\n🌷Вторник 18:00-19:30\r\n🌷Четверг 18:00-19:30 \r\n🌷Суббота 11:00-12:30 \r\n\r\n🤗Капитан: Булатова Диляра Маратовна \r\nhttps://vk.com/id495349588\r\n+79017195703 \r\n\r\n🙌🏼Социальная сеть: https://vk.com/darts_rnimu','\r',char(13)),'\n',char(10)),'subcurriculumsbuttons_img/RY_iVwDArdk.jpg','https://vk.com/darts_rnimu','A',1);
INSERT INTO tg_messages_subcurriculumsbuttons VALUES(47,'Йога',replace(replace('Йога — это древняя практика, сочетающая физические упражнения, дыхательные техники и медитацию, направленные на улучшение общего самочувствия и расслабление. Занятия йогой помогают повысить гибкость, укрепить мышцы и снизить уровень стресса. \r\n\r\n \r\n\r\nЧто меня ждёт? \r\n\r\n🔹 Практика различных асан и медитаций \r\n\r\n🔹 Работа над гибкостью и дыханием \r\n\r\n🔹 Проведение мастер-классов и тематических занятий \r\n\r\n \r\n\r\nКогда и где проходят тренировки? \r\n\r\n📅 Вторник, пятница\r\n\r\n🕔 Время:\r\n- вторник 19.15\r\n- пятница 18.15\r\n📍 Место: Спорткомплекс РНИМУ баскетбольный зал\r\n\r\nКонтактное лицо: Тренер: Ирина Юрьевна Перелыгина, @ira_mironova \r\n\r\nКапитан: Александра Матвейчук \r\n\r\nСоциальная сеть: https://t.me/+rPiMlLcs4E8xYjk6','\r',char(13)),'\n',char(10)),'subcurriculumsbuttons_img/изображение_2024-08-05_130557747.png','https://t.me/+rPiMlLcs4E8xYjk6','A',1);
INSERT INTO tg_messages_subcurriculumsbuttons VALUES(48,'Шахматы',replace(replace('Шахматы — это интеллектуальная игра, развивающая логическое мышление, концентрацию и стратегическое планирование. Игра учит предвидеть действия соперника и находить оптимальные решения в любой ситуации. \r\n\r\n \r\n\r\nЧто меня ждёт? \r\n\r\n🔹 Шахматные партии и обучение стратегиям \r\n\r\n🔹 Разбор классических партий и тактик \r\n\r\n🔹 Участие в шахматных турнирах и клубных соревнованиях \r\n\r\n \r\n\r\nКогда и где проходят тренировки? \r\n\r\n📅 Понедельник, пятница \r\n\r\n🕔 Время: с 18:00 до 20:00 \r\n\r\n📍 Место: Спорт клуб РНИМУ \r\n\r\nКонтактное лицо: Капитан: Арман Бичахчян \r\n\r\nСоциальная сеть: https://vk.com/chess_rnimu','\r',char(13)),'\n',char(10)),'subcurriculumsbuttons_img/M-lo_mdAII4.jpg','https://vk.com/chess_rnimu','A',1);
INSERT INTO tg_messages_subcurriculumsbuttons VALUES(49,'Чирлидинг',replace(replace('Чирлидинг — это яркий и зрелищный вид спорта, сочетающий танцы, гимнастику и акробатику.  \r\n\r\n \r\nЧто меня ждёт? \r\n\r\n🔹 Тренировки по акробатике, танцам и поддержкам \r\n\r\n🔹 Подготовка к выступлениям на соревнованиях и мероприятиях \r\n\r\n🔹 Участие в показательных выступлениях и конкурсах \r\n\r\n\r\n\r\nКогда и где проходят тренировки? \r\n\r\n📅 Понедельник, вторник, четверг, суббота \r\n\r\n🕔 Время: пн, вт, чт с 17:00 до 20:00, сб с 10:00 до 14:00 \r\n\r\n📍 Место: Спорт клуб РНИМУ \r\n\r\nКонтактное лицо: Тренер: Полина Анатольевна Островецкая \r\nКапитан: Немченко Анастасия  \r\nСоциальные сети: https://vk.com/cheer_rnimu, https://t.me/+zR5t-m27sCk4ZWEy','\r',char(13)),'\n',char(10)),'subcurriculumsbuttons_img/5mI-OL4WK_M.jpg','https://vk.com/cheer_rnimu','A',1);
INSERT INTO tg_messages_subcurriculumsbuttons VALUES(50,'Хоккей',replace(replace('Хоккей — это динамичный и захватывающий командный вид спорта, который требует отличной физической подготовки, скорости и координации. Игра на льду помогает развить реакцию, силу и выносливость. \r\n\r\n \r\n\r\nЧто меня ждёт? \r\n\r\n🔹 Тренировки на льду и в тренажерном зале \r\n\r\n🔹 Работа над техникой катания и тактикой игры \r\n\r\n🔹 Участие в хоккейных турнирах и чемпионатах \r\n\r\n \r\n\r\nКогда и где проходят тренировки? \r\n\r\n📅 Вторник, четверг \r\n\r\n🕔 Время: с 20:00 до 22:00 \r\n\r\n📍 Место: Спорт клуб РНИМУ \r\n\r\nКонтактное лицо: Тренер: Роман Валентинович Заводов \r\n\r\nКапитан: Глеб Массальский \r\n\r\nСоциальная сеть: https://vk.com/xk_white_jackets_rnimu','\r',char(13)),'\n',char(10)),'subcurriculumsbuttons_img/zOAB_cOzA8g.jpg','https://vk.com/xk_white_jackets_rnimu','A',1);
INSERT INTO tg_messages_subcurriculumsbuttons VALUES(51,'Турклуб',replace(replace('Туристический клуб — это объединение любителей активного отдыха и путешествий. Участники клуба изучают природу, учатся ориентироваться на местности и наслаждаются активным отдыхом на свежем воздухе. \r\n\r\n \r\n\r\nЧто меня ждёт? \r\n\r\n🔹 Организация походов и выездов на природу \r\n\r\n🔹 Обучение навыкам выживания и ориентирования \r\n\r\n🔹 Участие в туристических соревнованиях и слетах \r\n\r\n \r\n\r\nКогда и где проходят встречи? \r\n\r\n📅 Среда \r\n\r\n🕔 Время: с 18:00 до 20:00 \r\n\r\n📍 Место: Спорт клуб РНИМУ \r\n\r\nКонтактное лицо: Капитан: Диана Будашова \r\n\r\nСоциальная сеть: https://vk.com/tourist_rnimu','\r',char(13)),'\n',char(10)),'subcurriculumsbuttons_img/BJOasWf6nJw.jpg','https://vk.com/tourist_rnimu','A',1);
INSERT INTO tg_messages_subcurriculumsbuttons VALUES(52,'Страйкбол',replace(replace('Страйкбол — это военно-спортивная игра, в которой используются страйкбольные приводы, имитирующие огнестрельное оружие. Игра позволяет развивать тактическое мышление, командную работу и стратегию. \r\n\r\n \r\n\r\nЧто меня ждёт? \r\n\r\n🔹 Тренировки по тактике и стратегии боевых действий \r\n\r\n🔹 Проведение игр и сценарных сражений \r\n\r\n🔹 Участие в турнирах и соревнованиях \r\n\r\n \r\n\r\nКогда и где проходят тренировки? \r\n\r\n📅 Суббота \r\n\r\n🕔 Время: с 10:00 до 14:00 \r\n\r\n📍 Место: Спорт клуб РНИМУ \r\n\r\nКонтактное лицо: Капитан: Андрей Приступа \r\n\r\nСоциальная сеть: https://vk.com/honeybadgerrnimu','\r',char(13)),'\n',char(10)),'subcurriculumsbuttons_img/изображение_2024-08-05_131417720.png','https://vk.com/honeybadgerrnimu','A',1);
INSERT INTO tg_messages_subcurriculumsbuttons VALUES(54,'Баскетбол',replace(replace('Баскетбол — это энергичный командный вид спорта, который сочетает в себе элементы стратегии, силы и ловкости. Игра учит работать в команде, быстро принимать решения и находить общий язык с товарищами. Баскетбол - это не просто игра, в первую очередь - это команда.  И у тебя есть возможность присоединиться к нам!  \r\n\r\nЧто меня ждёт? \r\n🔹 Командные тренировки и отработка тактики \r\n🔹 Участие в университетских лигах и турнирах \r\n🔹 Проведение товарищеских матчей и соревнований \r\n\r\nКогда и где проходят тренировки? \r\n📅 Мужской: понедельник, среда, четверг, суббота; Женский: среда, пятница, воскресенье \r\n🕔 Время: мужской – 17:30-20:00; женский – среда:  18:30-20:30, пятница: 19:15-21:15, воскресенье: 19:00-21:00 \r\n📍 Место: Спорт клуб РНИМУ \r\n\r\nКонтактное лицо: Тренер: Владимир Игоревич Пахомов, Никулина Светлана Алексеевна \r\nКапитаны: Михаил Сергеев, Ирина Анисимова \r\nСоциальная сеть: https://vk.com/basketball_rnimu, https://t.me/basketballrnimu','\r',char(13)),'\n',char(10)),'subcurriculumsbuttons_img/изображение_2024-08-05_132046059.png','https://vk.com/basketball_rnimu','A',1);
INSERT INTO tg_messages_subcurriculumsbuttons VALUES(55,'Спортивное ориентирование',replace(replace('Спортивное ориентирование — это вид спорта, в котором участники с помощью карты и компаса проходят маршрут через неизвестную местность, находя контрольные пункты. Это захватывающее приключение развивает навыки ориентирования и логического мышления. \r\n\r\n \r\n\r\nЧто меня ждёт? \r\n\r\n🔹 Тренировки по чтению карт и использованию компаса \r\n\r\n🔹 Участие в соревнованиях и ориентировочных забегах \r\n\r\n🔹 Проведение клубных мероприятий и походов \r\n\r\n \r\n\r\nКогда и где проходят тренировки? \r\n\r\n📅 Понедельник, среда \r\n\r\n🕔 Время: с 16:00 до 18:00 \r\n\r\n📍 Место: Спорт клуб РНИМУ \r\n\r\nКонтактное лицо: Капитан: Анна Михайловна Готовская \r\n\r\nСоциальная сеть: https://t.me/ssk_so','\r',char(13)),'\n',char(10)),'subcurriculumsbuttons_img/изображение_2024-08-05_133800216.png','https://t.me/ssk_so','A',1);
INSERT INTO tg_messages_subcurriculumsbuttons VALUES(56,'Самбо',replace(replace('Самбо — это вид единоборств, сочетающий элементы борьбы и самообороны. Тренировки по самбо развивают физическую силу, выносливость и уверенность в себе. \r\n\r\n \r\n\r\nЧто меня ждёт? \r\n\r\n🔹 Обучение техникам борьбы и самообороны \r\n\r\n🔹 Спарринги и участие в соревнованиях \r\n\r\n🔹 Проведение мастер-классов и семинаров \r\n\r\n \r\n\r\nКогда и где проходят тренировки? \r\n\r\n📅 Вторник, четверг \r\n\r\n🕔 Время: с 18:00 до 20:00 \r\n\r\n📍 Место: Спорт клуб РНИМУ \r\n\r\nКонтактное лицо: Тренеры: Константин Викторович Троянов, Михаил Викторович Троянов \r\n\r\nКапитан: Светлана Олеговна Денисова \r\n\r\nСоциальные сети: https://vk.com/sambornimu, https://t.me/samboRNIMU','\r',char(13)),'\n',char(10)),'subcurriculumsbuttons_img/wYprDw6x1y0.jpg','https://vk.com/sambornimu','A',1);
INSERT INTO tg_messages_subcurriculumsbuttons VALUES(57,'Плавание',replace(replace('Плавание — это универсальный вид спорта, который развивает выносливость, силу и координацию. Занятия плаванием помогают укрепить здоровье, улучшить физическую форму и расслабиться. Если ваш разряд не ниже второго взрослого, то обязательно попробуйте свои силы в нашей сборной. \r\n\r\n \r\n\r\nЧто меня ждёт? \r\n\r\n🔹 Тренировки в бассейне по разным стилям плавания \r\n\r\n🔹 Участие в соревнованиях и турнирах \r\n\r\n🔹 Проведение мастер-классов и занятий по технике \r\n\r\n \r\n\r\nКогда и где проходят тренировки? \r\n\r\n📅 Понедельник, среда, пятница \r\n\r\n🕔 Время: с 7:00 до 9:00 \r\n\r\n📍 Место: Спорт клуб РНИМУ \r\n\r\nКонтактное лицо: Тренер: Игорь Александрович Чубыкин, +7 (905) 707-83-09 \r\n\r\nКапитан: Арсений Попов \r\n\r\nСоциальная сеть: https://vk.com/swimteamrsmu','\r',char(13)),'\n',char(10)),'subcurriculumsbuttons_img/изображение_2024-08-05_133641871.png','https://vk.com/swimteamrsmu','A',1);
INSERT INTO tg_messages_subcurriculumsbuttons VALUES(58,'Настольный теннис',replace(replace('Настольный теннис -это вид спорта, в котором два игрока или две команды по два человека (парная игра) соперничают между собой, перекидывая ракетками специальный мячик через сетку на сторону соперника, чтобы тот не смог отразить удар. Вы можете приобщиться к чудесному виду спорта в нашей секции настольного тенниса РНИМУ!!!\r\n \r\nЧто меня ждет?\r\n📌 Регулярные тренировки по настольному теннису\r\n📌 Переход на новый, более осознанный уровень понимания настольного тенниса\r\n📌 Участие в университетских и межвузовских соревнованиях\r\n📌 Дружелюбная, поддерживающая атмосфера внутри коллектива\r\n \r\nКогда и где проходят тренировки?\r\n📅 среда, пятница с 17:00 до 19:00\r\n📅 воскресенье с 13 до 16\r\n📍СК РНИМУ Островитянова 1с2\r\n \r\nКонтактное лицо:\r\nСавина Софья -капитан секции https://vk.com/psysofya\r\nСоциальная сеть https://vk.com/tennis_rnimu','\r',char(13)),'\n',char(10)),'subcurriculumsbuttons_img/изображение_2024-08-05_134008305.png','https://vk.com/tennis_rnimu','A',1);
INSERT INTO tg_messages_subcurriculumsbuttons VALUES(59,'Лёгкая атлетика',replace(replace('Лёгкая атлетика — это спорт, включающий бег, прыжки, метания и спортивную ходьбу. Он развивает скорость, выносливость, координацию и силу, делая участников более подготовленными к разным физическим нагрузкам. \r\n\r\n \r\n\r\nЧто меня ждёт? \r\n\r\n🔹 Тренировки по различным видам лёгкой атлетики \r\n\r\n🔹 Участие в легкоатлетических соревнованиях \r\n\r\n🔹 Проведение тестовых забегов и прыжков \r\n\r\n \r\n\r\nКогда и где проходят тренировки? \r\n\r\n📅 Вторник, четверг \r\n\r\n🕔 Время: с 17:00 до 19:00 \r\n\r\n📍 Место: Спорт клуб РНИМУ \r\n\r\nКонтактное лицо: Тренер: Станислав Дмитриевич Демьянов \r\n\r\nКапитан: Тимур Бахтиёрович Хакимназаров \r\n\r\nСоциальные сети: https://t.me/+uv5ZHshGW803MmFi \r\n\r\n                               https://vk.com/pirogov_running_club','\r',char(13)),'\n',char(10)),'subcurriculumsbuttons_img/изображение_2024-08-05_134145309.png','https://vk.com/pirogov_running_club','A',1);
INSERT INTO tg_messages_subcurriculumsbuttons VALUES(60,'Бильярд',replace(replace('Бильярд — это игра на специально оборудованном столе, где игроки с помощью киёв направляют шары в лузы. Игра развивает глазомер, точность и стратегическое мышление. \r\n\r\n \r\n\r\nЧто меня ждёт? \r\n\r\n🔹 Практика игры и обучение технике \r\n\r\n🔹 Участие в клубных турнирах \r\n\r\n🔹 Проведение мастер-классов и соревнований \r\n\r\n \r\n\r\nКогда и где проходят тренировки? \r\n\r\n📅 Среда \r\n\r\n🕔 Время: с 19:00 до 21:00 \r\n\r\n📍 Место: Спорт клуб РНИМУ \r\n\r\nКонтактное лицо: Капитан: Илья Дмитриевич Арсютов \r\n\r\nСоциальные сети: https://t.me/+iQSzaYha_ds2OTBi, https://vk.com/rnrmu_billiards','\r',char(13)),'\n',char(10)),'subcurriculumsbuttons_img/изображение_2024-08-05_134555545.png','https://vk.com/rnrmu_billiards','A',1);
INSERT INTO tg_messages_subcurriculumsbuttons VALUES(61,'Фехтование',replace(replace('Фехтование — это боевой вид спорта, где участники сражаются на рапирах, саблях или шпагах. Он развивает скорость, ловкость и стратегическое мышление, а также требует высокой концентрации. \r\n\r\nЧто меня ждёт? \r\n\r\n🔹 Обучение технике и тактике фехтования \r\n\r\n🔹 Тренировки и спарринги \r\n\r\n🔹 Участие в соревнованиях и турнирах \r\n\r\n \r\n\r\nКогда и где проходят тренировки? \r\n\r\n📅 Понедельник, среда, пятница \r\n\r\n🕔 Время: с 18:00 до 20:00 \r\n\r\n📍 Место: Спорт клуб РНИМУ \r\n\r\nКонтактное лицо: Тренер: Григорий Евгеньевич Чивиков \r\n\r\nКапитан: Софья Вальченко \r\n\r\nСоциальная сеть: https://t.me/koeangard','\r',char(13)),'\n',char(10)),'subcurriculumsbuttons_img/изображение_2024-08-05_134938517.png','https://t.me/koeangard','A',1);
INSERT INTO tg_messages_subcurriculumsbuttons VALUES(62,'Фигурное катание',replace(replace('Фигурное катание — это ледовый вид спорта, который сочетает элементы прыжков, вращений и скольжений, выполняемых под музыку. Это искусство на льду, требующее выносливости, координации и артистизма. \r\n\r\nЧто меня ждёт? \r\n\r\n🔹 Обучение элементам фигурного катания \r\n\r\n🔹 Участие в показательных выступлениях \r\n\r\n🔹 Тренировки по индивидуальной и групповой программе \r\n\r\n \r\n\r\nКогда и где проходят тренировки? \r\n\r\n📅 Вторник, четверг \r\n\r\n🕔 Время: с 17:00 до 19:00 \r\n\r\n📍 Место: Спорт клуб РНИМУ \r\n\r\nКонтактное лицо: Капитан: Валерия Мищенко https://vk.com/leminskata\r\n\r\nСоциальная сеть: https://vk.com/figure_skating_rnimu','\r',char(13)),'\n',char(10)),'subcurriculumsbuttons_img/изображение_2024-08-05_135542485.png','https://vk.com/figure_skating_rnimu','A',1);
INSERT INTO tg_messages_subcurriculumsbuttons VALUES(63,'Лыжная секция',replace(replace('Лыжные гонки — это вид спорта, включающий гонки на лыжах по пересеченной местности. Он развивает выносливость, силу и навыки ориентирования, а также позволяет наслаждаться природой и свежим воздухом. \r\n\r\n \r\n\r\nЧто меня ждёт? \r\n\r\n🔹 Тренировки на лыжах и сухие тренировки \r\n\r\n🔹 Участие в лыжных соревнованиях и гонках \r\n\r\n🔹 Проведение лыжных туров и выездных тренировок \r\n\r\n \r\n\r\nКогда и где проходят тренировки? \r\n\r\n📅 Понедельник, среда, пятница \r\n\r\n🕔 Время: с 16:00 до 18:00 \r\n\r\n📍 Место: Спорт клуб РНИМУ \r\n\r\nКонтактное лицо: Тренер: Алексей Юрьевич Федоткин, +7 (903) 688-57-27','\r',char(13)),'\n',char(10)),'subcurriculumsbuttons_img/lyzhi.jpg','https://rsmu.ru/informacija?event=38022&eventview=3030&cHash=1a616992913ce41ab22384d88a6627b6','A',1);
INSERT INTO tg_messages_subcurriculumsbuttons VALUES(64,'Функциональный тренинг',replace(replace('Функциональный тренинг — это система упражнений, направленная на развитие силы, выносливости и координации. Тренировки включают элементы из различных видов спорта, что делает их разнообразными и интересными. \r\n\r\n \r\n\r\nЧто меня ждёт? \r\n\r\n🔹 Комплексные тренировки на все группы мышц \r\n\r\n🔹 Программы по улучшению выносливости и силы \r\n\r\n🔹 Участие в фитнес-тестах и соревнованиях \r\n\r\n \r\n\r\nКогда и где проходят тренировки? \r\n\r\n📅 Понедельник, среда, пятница \r\n\r\n🕔 Время: с 19:00 до 20:00 \r\n\r\n📍 Место: Спорт клуб РНИМУ \r\n\r\nКонтактное лицо: Тренер: Иван Леонидович Голубев, Telegram: @Van1ch777','\r',char(13)),'\n',char(10)),'subcurriculumsbuttons_img/funkcionalnyi_trening.jpg','https://rsmu.ru/informacija?event=29743&eventview=3030&cHash=c18739cfdebf8f1376de3c5561a49f06','A',1);
INSERT INTO tg_messages_subcurriculumsbuttons VALUES(65,'Растяжка',replace(replace('Растяжка - это не просто физическая активность, нацеленная на улучшение чувствительности мышц и достижения комфортного мышечного тонуса, а, в первую очередь, забота о своем здоровье, теле. Развивая гибкость и параллельно укрепляя мышцы всего\r\nтела, вы сможете не только приобрести пластичность, грациозность, но и расслабиться, разгрузить мышечный тонус, что актуально для всех спортсменов! \r\n\r\nЕсли ваш разряд не ниже 1 взрослого, то обязательно попробуйте свои силы в таком вида спорта, как художественная гимнастика, занятия организуются также секцией растяжки! \r\n\r\nЧто меня ждёт? \r\n\r\n🔹 Тренировки в Спортивном комплексе с крутой музыкой и в хорошей компании\r\n\r\n🔹 Проведение мастер-классов, совместных мероприятий с иными секциями и внеучебными направлениями\r\n\r\n🔹 Участие в соревнованиях по художественной гимнастике\r\n\r\nКогда и где проходят тренировки? \r\n\r\n📅 Понедельник, пятница \r\n\r\n🕔 Время: с 17.00 до 18.00\r\n\r\n📍 Место: Спорт клуб РНИМУ \r\n\r\nКонтактное лицо, тренер, капитан: Слижевская Элина\r\n\r\nСоциальная сеть: https://vk.com/ponchellooo','\r',char(13)),'\n',char(10)),'subcurriculumsbuttons_img/изображение_2024-08-06_124430518.png','https://t.me/+brVKVxAgMxRhZmYy','A',1);
INSERT INTO tg_messages_subcurriculumsbuttons VALUES(66,'Почему стоит стать волонтером?',replace(replace('-Во первых, это поможет вам удовлетворить свои альтруистические наклонности, обрести единомышленников, расширить свой круг общения и даже получить спектр профессиональных навыков, который несомненно пригодится в будущем!⚡\r\n-Во вторых, справка о прохождении необходимого количества часов волонтерства от Волонтерского Центра несомненно увеличит ваши шансы при поступлении в ординатуру🧑🏻‍⚕👩🏻‍⚕','\r',char(13)),'\n',char(10)),'subcurriculumsbuttons_img/изображение_2024-08-06_130223181.png','https://rsmu.ru/students/student-organizations/volunteers','A',6);
CREATE TABLE IF NOT EXISTS "tg_messages_subsubcurriculumsbuttons" ("id" integer NOT NULL PRIMARY KEY AUTOINCREMENT, "title" varchar(400) NOT NULL, "message" text NOT NULL, "image" varchar(100) NOT NULL, "link" varchar(400) NOT NULL, "state" varchar(1) NOT NULL, "subcurriculums_buttons_id" bigint NOT NULL REFERENCES "tg_messages_subcurriculumsbuttons" ("id") DEFERRABLE INITIALLY DEFERRED);
INSERT INTO tg_messages_subsubcurriculumsbuttons VALUES(1,'Дота2','уууу мы дока2 играем в доту2','subsubcurriculumsbuttons_img/rsmu.jpg','https://vk.com/cyberrnimu','A',1);
INSERT INTO tg_messages_subsubcurriculumsbuttons VALUES(2,'Counter-Strike 2.',replace(replace('Одна из самых популярных секций в CYBER RNM.\r\nИмеется несколько составов разного уровня игры.\r\n\r\nRNIMU-1 8-10 уровень FAICET,подходит для ребят желающих попасть в киберспорт - капитан https://vk.com/nukleot1d\r\n\r\nRNIMU-2 Состав состоит из игроков имеющих 13,000-18,000 рейтинга в CS 2 и от калаша с венками в СS:GO. Подойдёт игрокам выше любителей - капитан https://vk.com/drslyowl\r\n\r\nRNIMU-3 Ребята играющие в своё удовольствие, ведут свои соц.сети и выкладывают хайлайты. подойдёт для игроков играющих на рейтинге до 12.000 и до калаша в CS:GO\r\nКапитан https://vk.com/mqnwinner\r\n\r\nRNIMU-4 Состав новичков , ребята отвечают за посты в соц.сетях, отметки на тренировках и за организацию внутривузовских мероприятий. Капитан https://vk.com/medic2004','\r',char(13)),'\n',char(10)),'subsubcurriculumsbuttons_img/i_5.webp','https://vk.com/cyberrnimu','A',1);
INSERT INTO tg_messages_subsubcurriculumsbuttons VALUES(3,'League of legends.',replace(replace('Одна из самых популярных моба игр на мировой арене.\r\nИмеется несколько составов:\r\n\r\nCRNM-1\r\nРейтинг: золото - грандмастер. Подойдёт для игроков, которые хотят добиться успеха в данной дисциплине и имеющих желание побеждать на турнирах.\r\nКапитан команды: https://vk.com/within_reflection\r\n\r\nCRNM-2\r\nКоманда новичков.\r\nПодойдëт для людей, которые играют в своё удовольствие.\r\nКапитан команды: https://vk.com/helldy_34','\r',char(13)),'\n',char(10)),'subsubcurriculumsbuttons_img/rsmu_09sd5yu.jpg','https://vk.com/cyberrnimu','A',1);
INSERT INTO tg_messages_subsubcurriculumsbuttons VALUES(4,'Valorant.',replace(replace('Захватывающий тактический шутер, требующий от игроков меткую стрельбу, грамотное применение суперспособностей и слаженную командную игру для победы. Ведется активный набор агентов в Протокол VALORANT. Будущее за радиантами!\r\nКапитан https://vk.com/drslyowl','\r',char(13)),'\n',char(10)),'subsubcurriculumsbuttons_img/i_3.webp','https://vk.com/cyberrnimu','A',1);
INSERT INTO tg_messages_subsubcurriculumsbuttons VALUES(9,'Apex Legends.',replace(replace('Ведущий шутер в классическом понятии battle royale, не изменяющий своим истокам.\r\nЖдём в нашем коллективе новых легенд.\r\nГлавный симулякр - https://vk.com/alwppp','\r',char(13)),'\n',char(10)),'subsubcurriculumsbuttons_img/i_4.webp','https://vk.com/cyberrnimu','A',1);
INSERT INTO tg_messages_subsubcurriculumsbuttons VALUES(10,'Rainbow Six Siege.',replace(replace('Одна из самых молодых секций в киберспорте. С тактической точки зрения самый интересный 3D-шутер в мире. Капитан ведёт активный набор в секцию.\r\nКапитан - https://vk.com/lightweightbaabyy','\r',char(13)),'\n',char(10)),'subsubcurriculumsbuttons_img/Халява-Rainbow-Six-Siege-ключик-nvidia-2356622.jpeg','https://vk.com/cyberrnimu','A',1);
INSERT INTO tg_messages_subsubcurriculumsbuttons VALUES(11,'Hearthstone.',replace(replace('Популярная карточная игра по мотивам серии Warcraft.\r\nCуществует два популярных режима Battlegrounds и Ladder. Среди сообщества врачей турниры по hearthstone имею особую ценность.','\r',char(13)),'\n',char(10)),'subsubcurriculumsbuttons_img/heartstone.jpg','https://vk.com/cyberrnimu','A',1);
INSERT INTO tg_messages_subsubcurriculumsbuttons VALUES(12,'Гранулоциты',replace(replace('Гранулоциты— это вид лейкоцитов, в которых нуждаются больные \r\nонкологическими заболеваниями крови и костного мозга. Донорские \r\nгранулоциты могут храниться всего несколько часов, поэтому их берут \r\nкрайне редко— только для конкретного пациента. \r\nЕсли вы заинтересовались донорством гранулоцитов или давно хотели \r\nадресно помочь маленьким пациентам РДКБ и НМИЦ ДГОИ им Д.Рогачева, \r\nоставьте свои данные куратору направления, а мы будем сообщать о \r\nнеобходимости сдачи гранулоцитов при нахождении на лечении пациентов, \r\nнуждающихся в переливании гранулоцитов.\r\nКуратор: https://vk.com/iiamfirefox','\r',char(13)),'\n',char(10)),'subsubcurriculumsbuttons_img/granulocity_norma.jpg','https://donor.rsmu.ru','A',34);
INSERT INTO tg_messages_subsubcurriculumsbuttons VALUES(13,'Тромбоциты и плазма:',replace(replace('Если у тебя келл-положительная кровь, и тебе отказывают в сдаче цельной \r\nкрови, но ты мечтаешь быть донором, то можно отправиться на сдачу \r\nкомпонентов крови — тромбоцитов и плазмы.\r\nОни очень нужны в РДКБ и НМИЦ ДГОИ им. Д.Рогачева при лечении детей \r\nс тяжелыми заболеваниями.\r\nТромбоциты.  Главная функция тромбоцитов – участие в процессе \r\nсвертывания крови – важной защитной реакции организма, \r\nпредотвращающей большую кровопотерю при ранении сосудов. Показанием \r\nк переливанию донорских тромбоцитов является заболевания системы крови, \r\nт.ч. лейкоз, снижение тромбоцитов у пациента, которое обычно связано с \r\nпроведением химиотерапии, а также при обильных кровотечениях (травмы, \r\nроды, проведение хирургических операций).\r\nПлазма. За раз донор может сдать до 600 мл плазмы.  При этой процедуре у \r\nдонора забирается жидкая часть крови, на 90% состоящая из воды — плазма. \r\nПлазма нужна для переливания людям после ожогов и травм, а также она \r\nиспользуется в качестве компонента для создания препаратов крови.','\r',char(13)),'\n',char(10)),'subsubcurriculumsbuttons_img/trombocit.jpg','https://donor.rsmu.ru','A',34);
INSERT INTO tg_messages_subsubcurriculumsbuttons VALUES(16,'Как попасть к нам в команду?',replace(replace('Каждый год мы рады видеть новых, заинтересованных и ярких людей в нашей семье под названием «Эйфория». \r\nНабор осуществляется в начале каждого семестра, по предварительной записи. За более подробной информацией можете перейти в нашу группу ВК, телеграмм-канал или обращаться к нашему тренеру или капитану команды.','\r',char(13)),'\n',char(10)),'subsubcurriculumsbuttons_img/EfNgD9V5lQU.jpg','https://vk.com/cheer_rnimu','A',49);
INSERT INTO tg_messages_subsubcurriculumsbuttons VALUES(17,'Наши достижения',replace(replace('Наша секция Чирлидинга была основана в 2019 году, и к настоящему времени уже завоевала множество наград и приняла участите в большом количестве масштабных соревнований, таких как: \r\n1. Национальные соревнования (всероссийские) \r\n2. RCO - Russian Cheer Open (межрегиональные) \r\n3. Кубок Москвы \r\n4. Чемпионат и Первенство Москвы \r\n5. МССИ - московские студенческие спортивные игры \r\nТакже в последние 2 года команда выезжает в другие города на соревнования, откуда привозит только первые места!) \r\n\r\nПомимо соревновательной деятельности наша сборная выступает в качестве группы поддержки на матчах ВУЗа, а также на играх различных городских команд. \r\nВ команде всегда царит рабочая, но веселая атмосфера, коллектив очень дружный и открытый)','\r',char(13)),'\n',char(10)),'subsubcurriculumsbuttons_img/09jxWflT1P4.jpg','https://vk.com/cheer_rnimu','A',49);
CREATE TABLE IF NOT EXISTS "polls_pollsimage" ("id" integer NOT NULL PRIMARY KEY AUTOINCREMENT, "image" varchar(100) NOT NULL, "file_size" integer NULL, "width" integer NULL, "height" integer NULL, "color_mode" varchar(20) NULL, "bit_depth" integer NULL, "poll_number" integer NOT NULL, "state" varchar(20) NOT NULL, "user_id" bigint NOT NULL REFERENCES "users_botuser" ("id") DEFERRABLE INITIALLY DEFERRED, "author_creator" varchar(255) NULL, "copyright" varchar(255) NULL, "creation_date" datetime NULL, "description" text NULL, "modification_date" datetime NULL);
INSERT INTO polls_pollsimage VALUES(18,'polls_images/Color_Hunt_Palette_000000ff4191e90074fff078.png',479,400,400,'P',NULL,1,'bad_message_send',3,NULL,NULL,NULL,'',NULL);
INSERT INTO polls_pollsimage VALUES(19,'polls_images/chel_v_dote.jpg',79075,700,465,'RGB',NULL,1,'bad_message_send',4,NULL,NULL,NULL,'',NULL);
INSERT INTO polls_pollsimage VALUES(20,'polls_images/temp_AgACAgIAAxkBAAII3Wa11OJN0i0rrzqPzzNJqcx2B1g6AAJH7TEbPNmoSdcAAbB2coCGfQ_iaTZ3Ei.jpg',236463,960,1280,'RGB',NULL,1,'bad_message_send',4,NULL,NULL,NULL,'',NULL);
CREATE TABLE IF NOT EXISTS "online_elder_eldermessage" ("id" integer NOT NULL PRIMARY KEY AUTOINCREMENT, "title" varchar(400) NOT NULL, "message" text NOT NULL, "image" varchar(100) NOT NULL, "state" varchar(1) NOT NULL);
INSERT INTO online_elder_eldermessage VALUES(1,'Главное сообщение',replace(replace('Знакомьтесь - ОнСТА!\r\nОнСТАроста - Он Самый Технологичный Ассистент\r\n\r\nОнСТА - “Онлайн-староста” -  виртуальный староста университета и ваш главный помощник во всех организационных вопросах учебы.\r\n\r\nОнСТА владеет всей важной информацией, знает последние новости и ответит на все ваши вопросы, касающиеся обучения и дополнительного образования.\r\n\r\nУниверсальный помощник  - ОнСТА - для студентов и старост на пути к эффективной коммуникации с кафедрами, деканатом и ректоратом!\r\n\r\nДавайте учиться и становиться профессионалами с информационным комфортом!\r\nОнСта - Ваш ассистент Роста))','\r',char(13)),'\n',char(10)),'eldermessage_img/photo_2024-07-30_08-11-01.jpg','A');
CREATE TABLE IF NOT EXISTS "online_elder_eldermessagebuttons" ("id" integer NOT NULL PRIMARY KEY AUTOINCREMENT, "title" varchar(400) NOT NULL, "message" text NOT NULL, "image" varchar(100) NOT NULL, "link" varchar(400) NOT NULL, "state" varchar(1) NOT NULL, "elder_message_id" bigint NOT NULL REFERENCES "online_elder_eldermessage" ("id") DEFERRABLE INITIALLY DEFERRED);
INSERT INTO online_elder_eldermessagebuttons VALUES(1,'Стипендия',replace(replace('Стипендия — это материальная поддержка студентов, которые обучаются в высших учебных заведениях, колледжах и техникумах.\r\n\r\nГосударственную академическую стипендию студентам 2-6 курсов, обучающимся за счет средств \r\nфедерального бюджета, в размере:\r\n\r\n1.студентам, обучающимся на «хорошо» - 2 200,00 руб. \r\n\r\n2.студентам, обучающимся на «хорошо и отлично» 2 200,00 руб. \r\n\r\n3.студентам, обучающимся на «отлично» - 4 350,00 руб. \r\n\r\nТак же предусмотрена повышенная стипендия за различные достижение,о чем мы расскажем далее.\r\n\r\nПодробнее о положении вы можете ознакомиться по ссылке.','\r',char(13)),'\n',char(10)),'eldermessagebuttons_img/rnimu2.jpg','https://rsmu.ru/sveden/grants/','A',1);
INSERT INTO online_elder_eldermessagebuttons VALUES(2,'Отчисление','Как нахуй отчислиться','eldermessagebuttons_img/rsmu_x03t86r.jpg','google.com','A',1);
INSERT INTO online_elder_eldermessagebuttons VALUES(3,'Приемные часы деканата',replace(replace('Если тебе сказали идти в «деканат», то скорее всего имелось ввиду что тебе нужен заместитель \r\nдекана, ответственный за твой курс.','\r',char(13)),'\n',char(10)),'eldermessagebuttons_img/photo_2024-07-30_08-11-01.jpg','','A',1);
CREATE TABLE IF NOT EXISTS "online_elder_subeldermessagebuttons" ("id" integer NOT NULL PRIMARY KEY AUTOINCREMENT, "title" varchar(400) NOT NULL, "message" text NOT NULL, "image" varchar(100) NOT NULL, "link" varchar(400) NOT NULL, "state" varchar(1) NOT NULL, "eldermessagebutton_id" bigint NOT NULL REFERENCES "online_elder_eldermessagebuttons" ("id") DEFERRABLE INITIALLY DEFERRED);
INSERT INTO online_elder_subeldermessagebuttons VALUES(1,'Повышенная стипендия',replace(replace('Тут все работает по одному механизму- вы работаете и вам начисляют баллы. За каждое \r\n«достижение» начисляют определенное кол-во баллов, если наберете определенное количество \r\nбаллов – получите повышку. Минимум баллов меняется каждый семестр и все зависит от \r\nколичество мест, который выделяют каждый семестр.','\r',char(13)),'\n',char(10)),'subeldermessagebuttons_img/grebci.jpg','https://rsmu.ru/sveden/grants/','A',1);
INSERT INTO online_elder_subeldermessagebuttons VALUES(2,'Я не хочу денег','no money','subeldermessagebuttons_img/chel_v_dote.jpg','','A',1);
INSERT INTO online_elder_subeldermessagebuttons VALUES(3,'Не отчисляйте пж','no otchislenie pls','subeldermessagebuttons_img/rsmu_nfe0M4D.jpg','','A',2);
INSERT INTO online_elder_subeldermessagebuttons VALUES(4,'Лечебный факультет',replace(replace('Декан: Дворников Антон Сергеевич\r\nКомната: 4110\r\nЧасы приема:понедельник ичетверг с 15.00 до 17.00\r\n\r\n1 курс:\r\nЗам декана: Гайдина Татьяна Анатольевна\r\nКомната: 4169\r\nЧасы приема: понедельник, четверг с 15.00 до 17.00\r\n\r\n2 курс:\r\nЗам декана: Ермолаев Александр Геннадьевич\r\nКомната 4174\r\nЧасы приема: вторник, пятницас 15.00 до 17.00\r\n\r\n3 курс:\r\nЗам декана: Минкина Оксана Васильевна\r\nКомната 4170\r\nЧасы приема: понедельник, вторник с 09.00 до 17.00; среда, пятница c 16.00 до 18.00\r\n\r\n4 курс:\r\nЗам декана: Чуканова Анна Сергеевна\r\nКомната 4176\r\nЧасы приема: вторник; четверг с 15.00 до 17.00\r\n\r\n5 курс: \r\nЗам декана: Быков Анатолий Васильевич\r\nКомната 4175\r\nЧасы приема: понедельник; четверг с 15.00 до 17.00\r\n\r\n6 курс:\r\nЗам декана: Скрипкина Полина Александровна\r\nКомната 4172\r\nЧасы приема: понедельник, четверг с 15.00 до 17.00\r\nДополнительная информация (номера телефонов и почты): \r\nhttps://rsmu.ru/structure/edu-dept/lf/school-general-medicine-dean/','\r',char(13)),'\n',char(10)),'subeldermessagebuttons_img/qj8RLeV0_r8.jpg','','A',3);
CREATE TABLE IF NOT EXISTS "online_elder_subsubeldermessagebuttons" ("id" integer NOT NULL PRIMARY KEY AUTOINCREMENT, "title" varchar(400) NOT NULL, "message" text NOT NULL, "image" varchar(100) NOT NULL, "link" varchar(400) NOT NULL, "state" varchar(1) NOT NULL, "subeldermessagebutton_id" bigint NOT NULL REFERENCES "online_elder_eldermessagebuttons" ("id") DEFERRABLE INITIALLY DEFERRED);
INSERT INTO online_elder_subsubeldermessagebuttons VALUES(1,'Купить деканат','можно купить деканат?','subsubeldermessagebuttons_img/chel_v_dote.jpg','','A',1);
INSERT INTO online_elder_subsubeldermessagebuttons VALUES(2,'Продать деканат','Паы','subsubeldermessagebuttons_img/chel_v_dote_QIv6JUw.jpg','','A',1);
INSERT INTO online_elder_subsubeldermessagebuttons VALUES(3,'Купить деньги','выаыв','subsubeldermessagebuttons_img/chel_v_dote_xw8M7bj.jpg','','A',2);
DELETE FROM sqlite_sequence;
INSERT INTO sqlite_sequence VALUES('django_migrations',33);
INSERT INTO sqlite_sequence VALUES('django_admin_log',227);
INSERT INTO sqlite_sequence VALUES('django_content_type',22);
INSERT INTO sqlite_sequence VALUES('auth_permission',88);
INSERT INTO sqlite_sequence VALUES('auth_group',0);
INSERT INTO sqlite_sequence VALUES('auth_user',3);
INSERT INTO sqlite_sequence VALUES('users_botuser',49);
INSERT INTO sqlite_sequence VALUES('users_studentraw',3);
INSERT INTO sqlite_sequence VALUES('tg_messages_registrationmessage',1);
INSERT INTO sqlite_sequence VALUES('tg_messages_welcomemessage',1);
INSERT INTO sqlite_sequence VALUES('tg_messages_mainmessage',1);
INSERT INTO sqlite_sequence VALUES('tg_messages_curriculumsmessage',1);
INSERT INTO sqlite_sequence VALUES('tg_messages_curriculumsbuttons',9);
INSERT INTO sqlite_sequence VALUES('tg_messages_subcurriculumsbuttons',66);
INSERT INTO sqlite_sequence VALUES('tg_messages_subsubcurriculumsbuttons',17);
INSERT INTO sqlite_sequence VALUES('polls_pollsimage',20);
INSERT INTO sqlite_sequence VALUES('online_elder_eldermessage',1);
INSERT INTO sqlite_sequence VALUES('online_elder_eldermessagebuttons',3);
INSERT INTO sqlite_sequence VALUES('online_elder_subeldermessagebuttons',5);
INSERT INTO sqlite_sequence VALUES('auth_user_user_permissions',84);
INSERT INTO sqlite_sequence VALUES('online_elder_subsubeldermessagebuttons',3);
CREATE UNIQUE INDEX "auth_group_permissions_group_id_permission_id_0cd325b0_uniq" ON "auth_group_permissions" ("group_id", "permission_id");
CREATE INDEX "auth_group_permissions_group_id_b120cbf9" ON "auth_group_permissions" ("group_id");
CREATE INDEX "auth_group_permissions_permission_id_84c5c92e" ON "auth_group_permissions" ("permission_id");
CREATE UNIQUE INDEX "auth_user_groups_user_id_group_id_94350c0c_uniq" ON "auth_user_groups" ("user_id", "group_id");
CREATE INDEX "auth_user_groups_user_id_6a12ed8b" ON "auth_user_groups" ("user_id");
CREATE INDEX "auth_user_groups_group_id_97559544" ON "auth_user_groups" ("group_id");
CREATE UNIQUE INDEX "auth_user_user_permissions_user_id_permission_id_14a6b632_uniq" ON "auth_user_user_permissions" ("user_id", "permission_id");
CREATE INDEX "auth_user_user_permissions_user_id_a95ead1b" ON "auth_user_user_permissions" ("user_id");
CREATE INDEX "auth_user_user_permissions_permission_id_1fbb5f2c" ON "auth_user_user_permissions" ("permission_id");
CREATE INDEX "django_admin_log_content_type_id_c4bce8eb" ON "django_admin_log" ("content_type_id");
CREATE INDEX "django_admin_log_user_id_c564eba6" ON "django_admin_log" ("user_id");
CREATE UNIQUE INDEX "django_content_type_app_label_model_76bd3d3b_uniq" ON "django_content_type" ("app_label", "model");
CREATE UNIQUE INDEX "auth_permission_content_type_id_codename_01ab375a_uniq" ON "auth_permission" ("content_type_id", "codename");
CREATE INDEX "auth_permission_content_type_id_2f476e4b" ON "auth_permission" ("content_type_id");
CREATE INDEX "django_session_expire_date_a5c62663" ON "django_session" ("expire_date");
CREATE INDEX "tg_messages_curriculumsbuttons_curriculums_message_id_6b59772a" ON "tg_messages_curriculumsbuttons" ("curriculums_message_id");
CREATE INDEX "tg_messages_subcurriculumsbuttons_curriculums_buttons_id_31417938" ON "tg_messages_subcurriculumsbuttons" ("curriculums_buttons_id");
CREATE INDEX "tg_messages_subsubcurriculumsbuttons_subcurriculums_buttons_id_3f1a0425" ON "tg_messages_subsubcurriculumsbuttons" ("subcurriculums_buttons_id");
CREATE INDEX "polls_pollsimage_user_id_699e26ac" ON "polls_pollsimage" ("user_id");
CREATE INDEX "online_elder_eldermessagebuttons_elder_message_id_afe139af" ON "online_elder_eldermessagebuttons" ("elder_message_id");
CREATE INDEX "online_elder_subeldermessagebuttons_eldermessagebutton_id_c40dc1d4" ON "online_elder_subeldermessagebuttons" ("eldermessagebutton_id");
CREATE INDEX "online_elder_subsubeldermessagebuttons_subeldermessagebutton_id_acd4f773" ON "online_elder_subsubeldermessagebuttons" ("subeldermessagebutton_id");
COMMIT;
